date,engine,Sport,Point_and_click,Card_Board_Game,MOBA,Adventure,Simulator,RPG,Racing,RTS,Pinball,Tactical,Indie,Platform,Strategy,Visual_Novel,Arcade,Music,TBS,Shooter,Puzzle,Fighting
1971/07,BASIC,0.0,0.0,0.0,0.0,0.0,0.0,0.0,0.0,0.0,0.0,0.0,0.0,0.0,0.0,0.0,0.0,0.0,0.0,0.0,0.0,0.0
1987/07,MacVenture,0.0,895000.0,0.0,0.0,895000.0,0.0,0.0,0.0,0.0,0.0,0.0,895000.0,0.0,0.0,0.0,0.0,0.0,0.0,0.0,895000.0,0.0
1990/10,SCUMM,0.0,1300000.0,0.0,0.0,1300000.0,0.0,0.0,0.0,0.0,0.0,0.0,0.0,0.0,0.0,0.0,0.0,0.0,0.0,0.0,1300000.0,0.0
1990/11,Symbian,713000.0,0.0,0.0,0.0,0.0,0.0,0.0,0.0,0.0,0.0,0.0,0.0,0.0,713000.0,0.0,0.0,0.0,0.0,0.0,0.0,0.0
1991/12,SCUMM,0.0,1100000.0,0.0,0.0,1100000.0,0.0,0.0,0.0,0.0,0.0,0.0,0.0,0.0,0.0,0.0,0.0,0.0,0.0,0.0,1100000.0,0.0
1992/05,Wolfenstein 3D,0.0,0.0,0.0,0.0,0.0,0.0,0.0,0.0,0.0,0.0,0.0,0.0,0.0,0.0,0.0,0.0,0.0,0.0,0.0,0.0,0.0
1992/10,Custom built engine,0.0,0.0,0.0,0.0,0.0,0.0,0.0,0.0,0.0,0.0,0.0,0.0,0.0,0.0,0.0,0.0,0.0,0.0,0.0,0.0,0.0
1993/06,SCUMM,0.0,1300000.0,0.0,0.0,1300000.0,0.0,0.0,0.0,0.0,0.0,0.0,0.0,0.0,0.0,0.0,0.0,0.0,0.0,0.0,0.0,0.0
1993/12,Wolfenstein 3D,0.0,0.0,0.0,0.0,0.0,0.0,0.0,0.0,0.0,0.0,0.0,0.0,0.0,0.0,0.0,0.0,0.0,0.0,426000.0,0.0,0.0
1993/12,id Tech,0.0,0.0,0.0,0.0,0.0,0.0,0.0,0.0,0.0,0.0,0.0,0.0,0.0,0.0,0.0,0.0,0.0,0.0,0.0,0.0,0.0
1994/09,Southpaw,0.0,0.0,0.0,0.0,0.0,0.0,0.0,0.0,0.0,0.0,0.0,0.0,0.0,0.0,0.0,0.0,0.0,0.0,4476000.0,4476000.0,0.0
1994/10,Wolfenstein 3D,0.0,0.0,0.0,0.0,0.0,0.0,0.0,0.0,0.0,0.0,0.0,0.0,0.0,0.0,0.0,0.0,0.0,0.0,399000.0,0.0,0.0
1994/12,Wolfenstein 3D,0.0,0.0,0.0,0.0,0.0,0.0,0.0,0.0,0.0,0.0,0.0,0.0,0.0,0.0,0.0,0.0,0.0,0.0,415000.0,0.0,0.0
1994/12,id Tech,0.0,0.0,0.0,0.0,0.0,0.0,0.0,0.0,0.0,0.0,0.0,0.0,0.0,0.0,0.0,0.0,0.0,0.0,772000.0,0.0,0.0
1995/08,"""Sierras Creative Interpreter""",0.0,388000.0,0.0,0.0,388000.0,0.0,0.0,0.0,0.0,0.0,0.0,0.0,0.0,0.0,0.0,0.0,0.0,0.0,0.0,0.0,0.0
1995/10,id Tech,0.0,0.0,0.0,0.0,0.0,0.0,1476000.0,0.0,0.0,0.0,0.0,0.0,0.0,0.0,0.0,0.0,0.0,0.0,1476000.0,1476000.0,0.0
1996/01,Neo Geo MVS,0.0,0.0,0.0,0.0,0.0,0.0,0.0,0.0,0.0,0.0,0.0,0.0,0.0,0.0,0.0,245000.0,0.0,0.0,245000.0,0.0,0.0
1996/04,Build,0.0,0.0,0.0,0.0,0.0,0.0,0.0,0.0,0.0,0.0,0.0,0.0,0.0,0.0,0.0,0.0,0.0,0.0,703000.0,703000.0,0.0
1996/05,id Tech,0.0,0.0,0.0,0.0,0.0,0.0,0.0,0.0,0.0,0.0,0.0,0.0,0.0,0.0,0.0,0.0,0.0,0.0,1400000.0,0.0,0.0
1996/06,id Tech,0.0,0.0,0.0,0.0,0.0,0.0,0.0,0.0,0.0,0.0,0.0,0.0,0.0,0.0,0.0,0.0,0.0,0.0,3773000.0,0.0,0.0
1996/10,Core Design,0.0,0.0,0.0,0.0,3100000.0,0.0,0.0,0.0,0.0,0.0,0.0,0.0,3100000.0,0.0,0.0,0.0,0.0,0.0,3100000.0,3100000.0,0.0
1996/11,"""Sierras Creative Interpreter""",0.0,380000.0,0.0,0.0,380000.0,0.0,0.0,0.0,0.0,0.0,0.0,0.0,0.0,0.0,0.0,0.0,0.0,0.0,0.0,380000.0,0.0
1996/11,C++,0.0,0.0,0.0,0.0,0.0,0.0,0.0,0.0,0.0,0.0,0.0,0.0,0.0,0.0,0.0,982000.0,0.0,0.0,982000.0,0.0,0.0
1996/11,TrueMotion,0.0,0.0,0.0,0.0,0.0,0.0,0.0,0.0,0.0,0.0,0.0,0.0,640000.0,0.0,0.0,0.0,0.0,0.0,0.0,0.0,0.0
1997/01,Neo Geo MVS,0.0,0.0,0.0,0.0,0.0,0.0,0.0,0.0,0.0,0.0,0.0,0.0,0.0,0.0,0.0,267000.0,0.0,0.0,267000.0,0.0,0.0
1997/05,Build,0.0,0.0,0.0,0.0,0.0,0.0,0.0,0.0,0.0,0.0,0.0,0.0,0.0,0.0,0.0,0.0,0.0,0.0,1700000.0,0.0,1700000.0
1997/09,A.L.I.V.E.,0.0,0.0,0.0,0.0,1300000.0,0.0,0.0,0.0,0.0,0.0,0.0,0.0,1300000.0,0.0,0.0,0.0,0.0,0.0,0.0,1300000.0,0.0
1997/09,RSPiX,0.0,0.0,0.0,0.0,0.0,0.0,0.0,0.0,0.0,0.0,0.0,4900000.0,0.0,0.0,0.0,0.0,0.0,0.0,4900000.0,0.0,0.0
1997/09,Sith,0.0,0.0,0.0,0.0,0.0,0.0,0.0,0.0,0.0,0.0,0.0,0.0,0.0,0.0,0.0,0.0,0.0,0.0,1600000.0,0.0,0.0
1997/09,id Tech,0.0,0.0,0.0,0.0,746000.0,0.0,746000.0,0.0,0.0,0.0,0.0,0.0,0.0,0.0,0.0,0.0,0.0,0.0,746000.0,0.0,0.0
1997/10,TrueMotion,0.0,335000.0,0.0,0.0,335000.0,0.0,0.0,0.0,0.0,0.0,0.0,335000.0,0.0,0.0,0.0,0.0,0.0,0.0,0.0,335000.0,0.0
1997/12,id Tech,0.0,0.0,0.0,0.0,0.0,0.0,0.0,0.0,0.0,0.0,0.0,0.0,0.0,0.0,0.0,0.0,0.0,0.0,1900000.0,0.0,0.0
1998/07,Build,0.0,0.0,0.0,0.0,0.0,0.0,0.0,0.0,0.0,0.0,0.0,0.0,0.0,0.0,0.0,0.0,0.0,0.0,271000.0,271000.0,0.0
1998/10,Voxel Space,0.0,0.0,0.0,0.0,0.0,0.0,0.0,0.0,0.0,0.0,223000.0,0.0,0.0,0.0,0.0,0.0,0.0,0.0,223000.0,0.0,223000.0
1998/10,iMUSE,0.0,2100000.0,0.0,0.0,2100000.0,0.0,0.0,0.0,0.0,0.0,0.0,0.0,0.0,0.0,0.0,0.0,0.0,0.0,0.0,2100000.0,0.0
1998/11,A.L.I.V.E.,0.0,0.0,0.0,0.0,1100000.0,0.0,0.0,0.0,0.0,0.0,0.0,0.0,1100000.0,0.0,0.0,0.0,0.0,0.0,0.0,1100000.0,0.0
1998/11,GoldSrc,0.0,0.0,0.0,0.0,7385000.0,0.0,0.0,0.0,0.0,0.0,0.0,0.0,0.0,0.0,0.0,0.0,0.0,0.0,7385000.0,7385000.0,0.0
1998/11,True3D,0.0,0.0,0.0,0.0,0.0,0.0,136000.0,0.0,0.0,0.0,0.0,0.0,0.0,0.0,0.0,0.0,0.0,0.0,0.0,0.0,0.0
1998/12,Infinity Engine,0.0,0.0,0.0,0.0,0.0,0.0,2200000.0,0.0,0.0,0.0,0.0,0.0,0.0,0.0,0.0,0.0,0.0,0.0,0.0,0.0,0.0
1998/12,Turok,0.0,0.0,0.0,0.0,0.0,0.0,0.0,0.0,0.0,0.0,0.0,0.0,0.0,0.0,0.0,0.0,0.0,0.0,0.0,0.0,0.0
1999/01,GoldSrc,0.0,0.0,0.0,0.0,0.0,0.0,0.0,0.0,0.0,0.0,0.0,5100000.0,0.0,0.0,0.0,0.0,0.0,0.0,5100000.0,0.0,0.0
1999/10,G-Engine,0.0,569000.0,0.0,0.0,569000.0,0.0,0.0,0.0,0.0,0.0,0.0,0.0,0.0,0.0,0.0,0.0,0.0,0.0,0.0,0.0,0.0
1999/10,id Tech,0.0,0.0,0.0,0.0,0.0,0.0,0.0,0.0,0.0,0.0,0.0,0.0,0.0,0.0,0.0,0.0,0.0,0.0,329000.0,0.0,0.0
1999/11,Voxel Space,0.0,0.0,0.0,0.0,0.0,0.0,0.0,0.0,0.0,0.0,216000.0,0.0,0.0,0.0,0.0,0.0,0.0,0.0,216000.0,0.0,0.0
1999/12,id Tech,0.0,0.0,0.0,0.0,0.0,0.0,0.0,0.0,0.0,0.0,0.0,0.0,0.0,0.0,0.0,0.0,0.0,0.0,2500000.0,0.0,0.0
2000/01,Unreal Engine,0.0,0.0,0.0,0.0,0.0,0.0,0.0,0.0,0.0,0.0,0.0,0.0,2900000.0,0.0,0.0,0.0,0.0,0.0,2900000.0,0.0,0.0
2000/03,Dark Engine,0.0,0.0,0.0,0.0,1800000.0,1800000.0,0.0,0.0,0.0,0.0,0.0,0.0,0.0,0.0,0.0,0.0,0.0,0.0,1800000.0,0.0,0.0
2000/03,id Tech,0.0,0.0,0.0,0.0,0.0,0.0,0.0,0.0,0.0,0.0,0.0,0.0,0.0,0.0,0.0,0.0,0.0,0.0,1200000.0,1200000.0,0.0
2000/06,Unreal Engine,0.0,0.0,0.0,0.0,750000.0,0.0,750000.0,0.0,0.0,0.0,0.0,0.0,0.0,0.0,0.0,0.0,0.0,0.0,750000.0,0.0,0.0
2000/10,Unreal Engine,0.0,0.0,0.0,0.0,0.0,0.0,0.0,0.0,0.0,0.0,0.0,0.0,0.0,0.0,0.0,0.0,0.0,0.0,1100000.0,0.0,0.0
2000/11,GoldSrc,0.0,0.0,0.0,0.0,0.0,0.0,0.0,0.0,0.0,0.0,0.0,0.0,0.0,0.0,0.0,0.0,0.0,0.0,28800000.0,7400000.0,0.0
2000/11,Unreal Engine,0.0,0.0,0.0,0.0,701000.0,0.0,0.0,0.0,0.0,0.0,0.0,0.0,0.0,0.0,0.0,0.0,0.0,0.0,0.0,0.0,0.0
2001/03,Serious Engine,0.0,0.0,0.0,0.0,0.0,0.0,0.0,0.0,0.0,0.0,0.0,310000.0,0.0,0.0,0.0,0.0,0.0,0.0,310000.0,0.0,0.0
2001/05,Geo-Mod,0.0,0.0,0.0,0.0,1400000.0,0.0,0.0,0.0,0.0,0.0,0.0,0.0,0.0,0.0,0.0,0.0,0.0,0.0,1400000.0,0.0,0.0
2001/06,DreamWorld,0.0,0.0,0.0,0.0,298000.0,0.0,298000.0,0.0,0.0,0.0,0.0,0.0,0.0,298000.0,0.0,0.0,0.0,0.0,0.0,0.0,0.0
2001/07,GoldSrc,0.0,0.0,0.0,0.0,0.0,0.0,0.0,0.0,0.0,0.0,0.0,0.0,0.0,0.0,0.0,0.0,0.0,0.0,7300000.0,0.0,0.0
2001/07,MAX-FX,0.0,0.0,0.0,0.0,0.0,0.0,0.0,0.0,0.0,0.0,0.0,0.0,0.0,0.0,0.0,0.0,0.0,0.0,2600000.0,0.0,0.0
2001/10,Gex engine,0.0,0.0,0.0,0.0,1400000.0,0.0,0.0,0.0,0.0,0.0,0.0,0.0,0.0,0.0,0.0,0.0,0.0,0.0,0.0,0.0,0.0
2001/11,Genie Engine,0.0,0.0,0.0,0.0,0.0,0.0,0.0,0.0,1100000.0,0.0,0.0,0.0,0.0,1100000.0,0.0,0.0,0.0,0.0,0.0,0.0,0.0
2001/11,SurRender 3D,0.0,0.0,0.0,0.0,500000.0,0.0,500000.0,0.0,0.0,0.0,0.0,0.0,0.0,0.0,0.0,0.0,0.0,0.0,0.0,0.0,0.0
2001/11,Unreal Engine,0.0,0.0,0.0,0.0,0.0,0.0,0.0,0.0,0.0,0.0,0.0,0.0,0.0,0.0,0.0,0.0,0.0,0.0,0.0,0.0,0.0
2001/11,id Tech,0.0,0.0,0.0,0.0,0.0,0.0,0.0,0.0,0.0,0.0,0.0,0.0,0.0,0.0,0.0,0.0,0.0,0.0,1700000.0,0.0,0.0
2001/12,Kinetica,0.0,0.0,0.0,0.0,0.0,0.0,0.0,0.0,0.0,0.0,0.0,0.0,0.0,0.0,0.0,0.0,0.0,0.0,0.0,0.0,0.0
2002/01,Serious Engine,0.0,0.0,0.0,0.0,0.0,0.0,0.0,0.0,0.0,0.0,0.0,275000.0,0.0,0.0,0.0,0.0,0.0,0.0,275000.0,0.0,0.0
2002/03,NetImmerse,0.0,0.0,0.0,0.0,0.0,0.0,647000.0,0.0,0.0,0.0,647000.0,0.0,0.0,647000.0,0.0,0.0,0.0,0.0,0.0,0.0,0.0
2002/03,Starbreeze Engine,0.0,0.0,0.0,0.0,0.0,0.0,4400000.0,0.0,0.0,0.0,0.0,0.0,0.0,0.0,0.0,0.0,0.0,0.0,0.0,0.0,0.0
2002/04,Virtools Engine,0.0,4400000.0,0.0,0.0,4400000.0,0.0,0.0,0.0,0.0,0.0,0.0,0.0,0.0,0.0,0.0,0.0,0.0,0.0,0.0,4400000.0,0.0
2002/05,Prism3D,0.0,0.0,0.0,0.0,1200000.0,0.0,0.0,0.0,0.0,0.0,0.0,0.0,1200000.0,0.0,0.0,0.0,0.0,0.0,1200000.0,0.0,0.0
2002/08,AEGIS,0.0,0.0,0.0,0.0,690000.0,0.0,690000.0,0.0,0.0,0.0,0.0,0.0,0.0,0.0,0.0,0.0,0.0,0.0,0.0,0.0,0.0
2002/08,LS3D,0.0,0.0,0.0,0.0,5400000.0,0.0,0.0,5400000.0,0.0,0.0,0.0,0.0,0.0,0.0,0.0,0.0,0.0,0.0,5400000.0,0.0,5400000.0
2002/10,BANG!,0.0,0.0,0.0,0.0,0.0,0.0,0.0,0.0,3000000.0,0.0,0.0,0.0,0.0,3000000.0,0.0,0.0,0.0,0.0,0.0,0.0,0.0
2002/10,Geo-Mod,0.0,0.0,0.0,0.0,1200000.0,0.0,0.0,0.0,0.0,0.0,0.0,0.0,0.0,1200000.0,0.0,0.0,0.0,0.0,1200000.0,0.0,0.0
2002/10,Infernal Engine,0.0,0.0,0.0,0.0,468000.0,0.0,0.0,0.0,0.0,0.0,0.0,0.0,0.0,0.0,0.0,0.0,0.0,0.0,0.0,0.0,0.0
2002/10,Pheonix 3D engine,0.0,0.0,0.0,0.0,412000.0,0.0,0.0,0.0,0.0,0.0,0.0,412000.0,0.0,0.0,0.0,0.0,0.0,0.0,0.0,0.0,0.0
2002/11,Kinetica,0.0,0.0,0.0,0.0,0.0,0.0,0.0,0.0,0.0,0.0,0.0,0.0,0.0,0.0,0.0,0.0,0.0,0.0,0.0,0.0,0.0
2002/11,Unreal Engine,0.0,0.0,0.0,0.0,0.0,0.0,0.0,0.0,0.0,0.0,1000000.0,0.0,0.0,0.0,0.0,0.0,0.0,0.0,1000000.0,0.0,0.0
2003/02,Unreal Engine,0.0,0.0,0.0,0.0,0.0,0.0,0.0,0.0,0.0,0.0,0.0,0.0,0.0,0.0,0.0,0.0,0.0,0.0,888000.0,0.0,0.0
2003/03,Asura,0.0,0.0,0.0,0.0,0.0,0.0,0.0,0.0,0.0,0.0,419000.0,0.0,0.0,0.0,0.0,0.0,0.0,0.0,419000.0,0.0,0.0
2003/04,Unreal Engine,0.0,0.0,0.0,0.0,10900000.0,0.0,0.0,0.0,0.0,0.0,0.0,10900000.0,0.0,0.0,0.0,0.0,0.0,0.0,10900000.0,0.0,0.0
2003/05,GoldSrc,0.0,0.0,0.0,0.0,0.0,0.0,0.0,0.0,0.0,0.0,0.0,0.0,0.0,0.0,0.0,0.0,0.0,0.0,15900000.0,0.0,0.0
2003/10,MAX-FX,0.0,0.0,0.0,0.0,0.0,0.0,0.0,0.0,0.0,0.0,0.0,0.0,0.0,0.0,0.0,0.0,0.0,0.0,2600000.0,0.0,0.0
2003/10,id Tech,0.0,0.0,0.0,0.0,0.0,0.0,0.0,0.0,0.0,0.0,0.0,0.0,0.0,0.0,0.0,0.0,0.0,0.0,1460000.0,0.0,0.0
2003/11,Jade,0.0,0.0,0.0,0.0,1100000.0,0.0,0.0,0.0,0.0,0.0,0.0,0.0,1100000.0,0.0,0.0,0.0,0.0,0.0,0.0,1100000.0,0.0
2003/11,RenderWare,0.0,0.0,0.0,0.0,0.0,0.0,0.0,0.0,0.0,0.0,1400000.0,0.0,0.0,0.0,0.0,0.0,0.0,0.0,1400000.0,0.0,0.0
2003/12,Unreal Engine,0.0,0.0,0.0,0.0,0.0,0.0,2700000.0,0.0,0.0,0.0,0.0,0.0,0.0,0.0,0.0,0.0,0.0,0.0,2700000.0,0.0,0.0
2004/03,CryEngine,0.0,0.0,0.0,0.0,0.0,0.0,0.0,0.0,0.0,0.0,0.0,0.0,0.0,0.0,0.0,0.0,0.0,0.0,2400000.0,0.0,0.0
2004/03,GoldSrc,0.0,0.0,0.0,0.0,0.0,0.0,0.0,0.0,0.0,0.0,0.0,0.0,0.0,0.0,0.0,0.0,0.0,0.0,30400000.0,0.0,0.0
2004/03,Virtools Engine,0.0,4200000.0,0.0,0.0,4200000.0,0.0,0.0,0.0,0.0,0.0,0.0,0.0,0.0,0.0,0.0,0.0,0.0,0.0,0.0,4200000.0,0.0
2004/04,Glacier,0.0,0.0,0.0,0.0,0.0,0.0,0.0,0.0,0.0,0.0,0.0,0.0,0.0,0.0,0.0,0.0,0.0,0.0,2200000.0,0.0,0.0
2004/04,Havok Physics,0.0,0.0,0.0,0.0,0.0,0.0,0.0,0.0,0.0,0.0,0.0,0.0,0.0,0.0,0.0,0.0,0.0,0.0,3578000.0,3578000.0,0.0
2004/05,Unreal Engine,0.0,0.0,0.0,0.0,2000000.0,2000000.0,0.0,0.0,0.0,0.0,0.0,0.0,0.0,0.0,0.0,0.0,0.0,0.0,2000000.0,0.0,0.0
2004/06,Black Hawk engine,0.0,0.0,0.0,0.0,0.0,0.0,0.0,0.0,0.0,0.0,81000.0,0.0,0.0,0.0,0.0,0.0,0.0,0.0,81000.0,0.0,0.0
2004/08,id Tech,0.0,0.0,0.0,0.0,0.0,0.0,0.0,0.0,0.0,0.0,0.0,0.0,0.0,0.0,0.0,0.0,0.0,0.0,2800000.0,0.0,0.0
2004/09,Adobe AIR,0.0,0.0,0.0,0.0,415000.0,0.0,415000.0,0.0,0.0,0.0,0.0,0.0,0.0,415000.0,0.0,0.0,0.0,415000.0,0.0,0.0,0.0
2004/09,NeL,0.0,0.0,0.0,0.0,278000.0,0.0,278000.0,0.0,0.0,0.0,0.0,278000.0,0.0,0.0,0.0,0.0,0.0,0.0,0.0,0.0,0.0
2004/09,TW Engine 2,0.0,0.0,0.0,0.0,0.0,1400000.0,0.0,0.0,1400000.0,0.0,1400000.0,0.0,0.0,1400000.0,0.0,0.0,0.0,1400000.0,0.0,0.0,0.0
2004/11,Black Sun Engine,0.0,0.0,0.0,0.0,0.0,299000.0,299000.0,0.0,0.0,0.0,299000.0,299000.0,0.0,299000.0,0.0,0.0,0.0,0.0,0.0,0.0,0.0
2004/11,Gamebryo,0.0,0.0,0.0,0.0,1800000.0,1800000.0,1800000.0,0.0,1800000.0,0.0,0.0,0.0,0.0,1800000.0,0.0,0.0,0.0,0.0,0.0,0.0,0.0
2004/11,Jade,0.0,0.0,0.0,0.0,1100000.0,0.0,0.0,0.0,0.0,0.0,0.0,0.0,1100000.0,0.0,0.0,0.0,0.0,0.0,0.0,0.0,0.0
2004/11,Source,0.0,0.0,0.0,0.0,0.0,0.0,1800000.0,0.0,0.0,0.0,0.0,0.0,0.0,0.0,0.0,0.0,0.0,0.0,8415000.0,0.0,0.0
2005/01,"""Strangers engine""",0.0,0.0,0.0,0.0,943000.0,0.0,0.0,0.0,0.0,0.0,0.0,0.0,943000.0,0.0,0.0,0.0,0.0,0.0,943000.0,0.0,0.0
2005/04,Enigma engine,0.0,0.0,0.0,0.0,0.0,0.0,0.0,0.0,0.0,0.0,0.0,0.0,0.0,265000.0,0.0,0.0,0.0,0.0,0.0,0.0,0.0
2005/04,ExEn (Execution Engine),0.0,0.0,0.0,0.0,0.0,0.0,0.0,0.0,0.0,0.0,0.0,0.0,0.0,0.0,0.0,0.0,0.0,0.0,0.0,0.0,0.0
2005/04,Odyssey,0.0,0.0,0.0,0.0,513000.0,0.0,513000.0,0.0,0.0,0.0,0.0,0.0,0.0,0.0,0.0,0.0,0.0,0.0,0.0,0.0,0.0
2005/05,Unreal Engine,0.0,0.0,0.0,0.0,402000.0,0.0,0.0,0.0,0.0,0.0,0.0,0.0,0.0,0.0,0.0,0.0,0.0,0.0,402000.0,0.0,0.0
2005/08,Unreal Engine,0.0,0.0,0.0,0.0,1300000.0,0.0,1300000.0,0.0,0.0,0.0,0.0,0.0,0.0,0.0,0.0,1300000.0,0.0,0.0,0.0,0.0,0.0
2005/09,RenderWare,0.0,0.0,0.0,0.0,0.0,0.0,0.0,0.0,0.0,0.0,0.0,0.0,0.0,0.0,0.0,0.0,0.0,0.0,0.0,0.0,0.0
2005/10,Gamebryo,0.0,0.0,0.0,0.0,0.0,4200000.0,0.0,0.0,0.0,0.0,0.0,0.0,0.0,4200000.0,0.0,0.0,0.0,4200000.0,0.0,0.0,0.0
2005/10,IW Engine,0.0,0.0,0.0,0.0,0.0,0.0,0.0,0.0,0.0,0.0,0.0,0.0,0.0,0.0,0.0,0.0,0.0,0.0,1200000.0,0.0,0.0
2005/10,LithTech,0.0,0.0,0.0,0.0,0.0,0.0,0.0,0.0,0.0,0.0,0.0,0.0,0.0,0.0,0.0,0.0,0.0,0.0,0.0,0.0,0.0
2005/10,PhysX,0.0,0.0,0.0,0.0,0.0,3900000.0,0.0,0.0,3900000.0,0.0,0.0,0.0,0.0,3900000.0,0.0,0.0,0.0,0.0,0.0,0.0,0.0
2005/10,X3 Reality,0.0,0.0,0.0,0.0,0.0,710000.0,710000.0,0.0,0.0,0.0,0.0,0.0,0.0,710000.0,0.0,0.0,0.0,0.0,0.0,0.0,0.0
2005/10,id Tech,0.0,0.0,0.0,0.0,0.0,0.0,0.0,0.0,0.0,0.0,0.0,0.0,0.0,0.0,0.0,0.0,0.0,0.0,854000.0,0.0,0.0
2005/11,Havok,0.0,0.0,0.0,0.0,0.0,0.0,0.0,0.0,0.0,0.0,0.0,0.0,0.0,0.0,0.0,0.0,0.0,0.0,0.0,0.0,0.0
2005/11,In House Engine,0.0,0.0,0.0,0.0,0.0,0.0,0.0,0.0,0.0,0.0,0.0,0.0,0.0,0.0,0.0,0.0,0.0,0.0,0.0,0.0,0.0
2005/11,LithTech,0.0,0.0,0.0,0.0,2000000.0,0.0,0.0,0.0,0.0,0.0,0.0,0.0,0.0,0.0,0.0,0.0,0.0,0.0,2000000.0,2000000.0,0.0
2005/11,ZenGin,0.0,0.0,0.0,0.0,0.0,0.0,2300000.0,0.0,0.0,0.0,0.0,0.0,0.0,0.0,0.0,0.0,0.0,0.0,0.0,0.0,0.0
2005/12,Jade,0.0,0.0,0.0,0.0,1000000.0,0.0,0.0,0.0,0.0,0.0,0.0,0.0,1000000.0,0.0,0.0,0.0,0.0,0.0,0.0,0.0,0.0
2006/02,RPG Maker,0.0,0.0,0.0,0.0,0.0,0.0,193000.0,0.0,0.0,0.0,0.0,193000.0,0.0,0.0,0.0,0.0,0.0,0.0,0.0,0.0,0.0
2006/02,Torque Game Engine,0.0,0.0,0.0,0.0,0.0,0.0,0.0,0.0,0.0,0.0,0.0,0.0,0.0,0.0,0.0,0.0,0.0,0.0,0.0,0.0,0.0
2006/03,RenderWare,0.0,0.0,0.0,0.0,0.0,0.0,0.0,0.0,0.0,0.0,0.0,0.0,0.0,0.0,0.0,0.0,0.0,0.0,10000.0,0.0,0.0
2006/04,Asura,0.0,0.0,0.0,0.0,0.0,0.0,0.0,0.0,0.0,0.0,0.0,0.0,0.0,0.0,0.0,0.0,0.0,0.0,247000.0,0.0,0.0
2006/04,Crystal Engine,0.0,0.0,0.0,0.0,2900000.0,0.0,0.0,0.0,0.0,0.0,0.0,0.0,2900000.0,0.0,0.0,0.0,0.0,0.0,2900000.0,0.0,0.0
2006/04,Shark 3D,0.0,0.0,0.0,0.0,423000.0,0.0,423000.0,0.0,0.0,0.0,0.0,0.0,0.0,0.0,0.0,0.0,0.0,0.0,0.0,423000.0,0.0
2006/05,Glacier,0.0,0.0,0.0,0.0,0.0,0.0,0.0,0.0,0.0,0.0,0.0,0.0,0.0,0.0,0.0,0.0,0.0,0.0,4200000.0,0.0,0.0
2006/07,NoviceX,0.0,0.0,0.0,0.0,0.0,0.0,0.0,0.0,0.0,0.0,0.0,0.0,0.0,0.0,0.0,0.0,0.0,0.0,0.0,0.0,0.0
2006/07,id Tech,0.0,0.0,0.0,0.0,0.0,0.0,0.0,0.0,0.0,0.0,0.0,0.0,0.0,0.0,0.0,0.0,0.0,0.0,396000.0,396000.0,0.0
2006/08,Havok,0.0,0.0,0.0,0.0,0.0,0.0,0.0,0.0,0.0,0.0,0.0,0.0,0.0,0.0,0.0,0.0,0.0,0.0,0.0,0.0,0.0
2006/08,MT Framework,0.0,0.0,0.0,0.0,1100000.0,0.0,0.0,0.0,0.0,0.0,0.0,0.0,0.0,0.0,0.0,0.0,0.0,0.0,0.0,0.0,0.0
2006/09,Chrome Engine,0.0,0.0,0.0,0.0,0.0,0.0,0.0,0.0,0.0,0.0,0.0,0.0,0.0,0.0,0.0,0.0,0.0,0.0,1200000.0,0.0,0.0
2006/09,Essence Engine,0.0,0.0,0.0,0.0,0.0,0.0,0.0,0.0,551000.0,0.0,0.0,0.0,0.0,551000.0,0.0,0.0,0.0,0.0,0.0,0.0,0.0
2006/09,GEM,0.0,0.0,0.0,0.0,0.0,482000.0,0.0,0.0,482000.0,0.0,482000.0,0.0,0.0,482000.0,0.0,0.0,0.0,0.0,0.0,0.0,0.0
2006/09,Havok Physics,0.0,0.0,0.0,0.0,3700000.0,0.0,0.0,3700000.0,0.0,0.0,0.0,0.0,0.0,0.0,0.0,0.0,0.0,0.0,3700000.0,0.0,0.0
2006/09,Titan 2.0,0.0,0.0,0.0,0.0,0.0,250000.0,0.0,0.0,0.0,0.0,0.0,0.0,0.0,250000.0,0.0,0.0,0.0,0.0,0.0,0.0,0.0
2006/10,EAGL,0.0,0.0,0.0,0.0,0.0,0.0,0.0,0.0,0.0,0.0,0.0,0.0,0.0,0.0,0.0,0.0,0.0,0.0,0.0,0.0,0.0
2006/10,Gamebryo,0.0,0.0,0.0,0.0,0.0,1200000.0,0.0,0.0,0.0,0.0,0.0,0.0,0.0,1200000.0,0.0,0.0,0.0,0.0,0.0,0.0,0.0
2006/10,Genome,0.0,0.0,0.0,0.0,2300000.0,0.0,2300000.0,0.0,0.0,0.0,0.0,0.0,0.0,0.0,0.0,0.0,0.0,0.0,0.0,0.0,0.0
2006/10,RenderWare,0.0,0.0,0.0,0.0,4500000.0,0.0,0.0,0.0,0.0,0.0,0.0,0.0,0.0,0.0,0.0,0.0,0.0,0.0,0.0,0.0,0.0
2006/10,Unreal Engine,0.0,0.0,0.0,0.0,0.0,0.0,0.0,0.0,0.0,0.0,813000.0,0.0,0.0,0.0,0.0,0.0,0.0,0.0,813000.0,0.0,0.0
2006/11,Treyarch NGL,0.0,0.0,0.0,0.0,0.0,0.0,0.0,0.0,0.0,0.0,0.0,0.0,0.0,0.0,0.0,0.0,0.0,0.0,0.0,0.0,0.0
2006/11,Unreal Engine,0.0,0.0,0.0,0.0,0.0,0.0,0.0,0.0,0.0,0.0,0.0,0.0,0.0,0.0,0.0,0.0,0.0,0.0,0.0,0.0,0.0
2006/12,MT Framework,0.0,0.0,0.0,0.0,899000.0,0.0,0.0,0.0,0.0,0.0,0.0,0.0,899000.0,0.0,0.0,0.0,0.0,0.0,899000.0,0.0,0.0
2007/03,HPL,0.0,0.0,0.0,0.0,1700000.0,0.0,0.0,0.0,0.0,0.0,0.0,1700000.0,0.0,0.0,0.0,0.0,0.0,0.0,0.0,1700000.0,0.0
2007/03,Kinetica,0.0,0.0,0.0,0.0,0.0,0.0,0.0,0.0,0.0,0.0,0.0,0.0,0.0,0.0,0.0,0.0,0.0,0.0,0.0,0.0,0.0
2007/03,SAGE,0.0,0.0,0.0,0.0,0.0,3500000.0,0.0,0.0,3500000.0,0.0,0.0,0.0,0.0,3500000.0,0.0,0.0,0.0,0.0,0.0,0.0,0.0
2007/06,Starbreeze Engine,0.0,0.0,0.0,0.0,0.0,0.0,0.0,0.0,0.0,0.0,0.0,0.0,0.0,0.0,0.0,0.0,0.0,0.0,0.0,0.0,0.0
2007/08,Havok,0.0,0.0,0.0,0.0,0.0,0.0,0.0,0.0,0.0,0.0,0.0,0.0,0.0,0.0,0.0,0.0,0.0,0.0,0.0,0.0,0.0
2007/08,Wolfenstein 3D,0.0,0.0,0.0,0.0,0.0,0.0,0.0,0.0,0.0,0.0,0.0,0.0,0.0,0.0,0.0,0.0,0.0,0.0,1200000.0,0.0,0.0
2007/09,Halo,0.0,0.0,0.0,0.0,0.0,0.0,0.0,0.0,0.0,0.0,0.0,0.0,0.0,0.0,0.0,0.0,0.0,0.0,0.0,0.0,0.0
2007/09,Radiant AI,0.0,0.0,0.0,0.0,5600000.0,0.0,5600000.0,0.0,0.0,0.0,0.0,0.0,0.0,0.0,0.0,0.0,0.0,0.0,0.0,0.0,0.0
2007/09,Source,0.0,0.0,0.0,0.0,0.0,0.0,0.0,0.0,0.0,0.0,0.0,592000.0,0.0,0.0,0.0,0.0,0.0,0.0,592000.0,0.0,0.0
2007/10,Jade,0.0,0.0,0.0,0.0,0.0,0.0,0.0,0.0,0.0,0.0,0.0,0.0,0.0,0.0,0.0,0.0,0.0,0.0,0.0,0.0,0.0
2007/10,Mercury Steam Engine,0.0,0.0,0.0,0.0,0.0,0.0,0.0,0.0,0.0,0.0,0.0,0.0,0.0,0.0,0.0,0.0,0.0,0.0,934000.0,0.0,0.0
2007/10,Saber3D,0.0,0.0,0.0,0.0,0.0,0.0,0.0,0.0,0.0,0.0,0.0,0.0,0.0,0.0,0.0,0.0,0.0,0.0,553000.0,553000.0,0.0
2007/10,Source,0.0,0.0,0.0,0.0,0.0,0.0,0.0,0.0,0.0,0.0,0.0,0.0,464000.0,0.0,0.0,0.0,0.0,0.0,464000.0,464000.0,0.0
2007/10,isiMotor,0.0,0.0,0.0,0.0,0.0,2600000.0,0.0,2600000.0,0.0,0.0,0.0,0.0,0.0,0.0,0.0,0.0,0.0,0.0,0.0,0.0,0.0
2007/11,CryEngine,0.0,0.0,0.0,0.0,6600000.0,0.0,0.0,0.0,0.0,0.0,0.0,0.0,0.0,0.0,0.0,0.0,0.0,0.0,6600000.0,0.0,0.0
2007/11,Dagor Engine,0.0,0.0,0.0,0.0,2500000.0,0.0,2500000.0,0.0,0.0,0.0,0.0,0.0,0.0,0.0,0.0,0.0,0.0,0.0,2500000.0,0.0,0.0
2007/11,IW Engine,0.0,0.0,0.0,0.0,0.0,2900000.0,0.0,0.0,0.0,0.0,0.0,0.0,0.0,0.0,0.0,0.0,0.0,0.0,2900000.0,0.0,0.0
2007/11,Octave Engine,0.0,0.0,0.0,0.0,0.0,0.0,0.0,0.0,0.0,0.0,0.0,0.0,0.0,0.0,0.0,0.0,0.0,0.0,0.0,0.0,0.0
2007/11,Scimitar,0.0,0.0,0.0,0.0,3000000.0,0.0,0.0,0.0,0.0,0.0,0.0,0.0,3000000.0,0.0,0.0,0.0,0.0,0.0,0.0,0.0,0.0
2007/11,Unreal Engine,0.0,0.0,0.0,0.0,0.0,0.0,2800000.0,0.0,0.0,0.0,0.0,0.0,0.0,0.0,0.0,0.0,0.0,0.0,2800000.0,0.0,0.0
2007/12,Source,0.0,0.0,0.0,0.0,0.0,0.0,0.0,0.0,0.0,0.0,0.0,6200000.0,0.0,0.0,0.0,0.0,0.0,0.0,6200000.0,0.0,0.0
2008/01,MT Framework,0.0,0.0,0.0,0.0,3114000.0,0.0,0.0,0.0,0.0,0.0,0.0,0.0,0.0,0.0,0.0,0.0,0.0,0.0,0.0,0.0,0.0
2008/01,RenderWare,0.0,0.0,0.0,0.0,0.0,0.0,0.0,0.0,0.0,0.0,0.0,0.0,0.0,0.0,0.0,0.0,0.0,0.0,0.0,0.0,0.0
2008/02,HPL,0.0,0.0,0.0,0.0,1400000.0,0.0,0.0,0.0,0.0,0.0,0.0,1400000.0,0.0,0.0,0.0,0.0,0.0,0.0,0.0,1400000.0,0.0
2008/02,Iron Engine,0.0,0.0,0.0,0.0,0.0,0.0,0.0,0.0,5700000.0,0.0,5700000.0,0.0,0.0,5700000.0,0.0,0.0,0.0,0.0,0.0,0.0,0.0
2008/02,Unreal Engine,0.0,0.0,0.0,0.0,0.0,0.0,0.0,0.0,0.0,0.0,0.0,0.0,0.0,0.0,0.0,0.0,0.0,0.0,620000.0,0.0,0.0
2008/03,Evolution,0.0,0.0,0.0,0.0,0.0,0.0,0.0,0.0,0.0,0.0,0.0,0.0,0.0,0.0,0.0,0.0,0.0,0.0,0.0,0.0,0.0
2008/03,LithTech,0.0,0.0,0.0,0.0,0.0,0.0,0.0,0.0,0.0,0.0,0.0,0.0,0.0,0.0,0.0,0.0,0.0,0.0,0.0,0.0,0.0
2008/03,Sunshine Engine,0.0,0.0,0.0,0.0,0.0,0.0,0.0,0.0,0.0,0.0,0.0,0.0,0.0,0.0,0.0,0.0,0.0,0.0,0.0,0.0,0.0
2008/03,Unreal Engine,0.0,0.0,0.0,0.0,0.0,0.0,0.0,0.0,0.0,0.0,1500000.0,0.0,0.0,1500000.0,0.0,0.0,0.0,0.0,1500000.0,0.0,0.0
2008/04,CANVAS Engine,0.0,0.0,0.0,0.0,0.0,0.0,2300000.0,0.0,0.0,0.0,2300000.0,0.0,0.0,2300000.0,0.0,0.0,0.0,2300000.0,0.0,0.0,0.0
2008/04,Ice-Peak Engine,0.0,0.0,0.0,0.0,716000.0,0.0,0.0,0.0,0.0,0.0,0.0,716000.0,0.0,0.0,0.0,0.0,0.0,0.0,0.0,0.0,0.0
2008/05,DreamWorld,0.0,0.0,0.0,0.0,916000.0,0.0,916000.0,0.0,0.0,0.0,0.0,0.0,0.0,0.0,0.0,0.0,0.0,0.0,0.0,0.0,0.0
2008/06,Adobe Flash Player,0.0,0.0,0.0,0.0,0.0,148000.0,0.0,0.0,0.0,0.0,0.0,0.0,0.0,148000.0,0.0,0.0,0.0,0.0,0.0,148000.0,0.0
2008/06,Chrome Engine,0.0,0.0,0.0,0.0,0.0,1300000.0,0.0,0.0,0.0,0.0,0.0,0.0,0.0,0.0,0.0,0.0,0.0,0.0,1300000.0,0.0,0.0
2008/06,Lux Engine,0.0,0.0,0.0,0.0,0.0,0.0,0.0,0.0,0.0,0.0,0.0,0.0,0.0,0.0,0.0,0.0,0.0,0.0,0.0,0.0,0.0
2008/07,Havok,0.0,0.0,0.0,0.0,0.0,0.0,0.0,0.0,0.0,0.0,0.0,0.0,0.0,0.0,0.0,0.0,0.0,0.0,0.0,0.0,0.0
2008/07,RenderWare,0.0,0.0,0.0,0.0,0.0,0.0,0.0,0.0,0.0,0.0,0.0,0.0,0.0,0.0,0.0,0.0,0.0,0.0,0.0,0.0,0.0
2008/07,Taito Type X,0.0,0.0,0.0,0.0,0.0,0.0,0.0,0.0,0.0,0.0,0.0,0.0,0.0,0.0,0.0,0.0,0.0,0.0,0.0,0.0,0.0
2008/08,PhysX,0.0,0.0,0.0,0.0,0.0,0.0,172000.0,0.0,0.0,0.0,0.0,0.0,0.0,0.0,0.0,0.0,0.0,0.0,0.0,0.0,0.0
2008/08,Prism3D,0.0,0.0,0.0,0.0,0.0,2000000.0,0.0,2000000.0,0.0,0.0,0.0,2000000.0,0.0,0.0,0.0,0.0,0.0,0.0,0.0,0.0,0.0
2008/08,System4,0.0,0.0,0.0,0.0,494000.0,0.0,0.0,0.0,0.0,0.0,494000.0,494000.0,0.0,494000.0,494000.0,0.0,0.0,494000.0,0.0,0.0,0.0
2008/08,Unreal Engine,0.0,0.0,0.0,0.0,0.0,0.0,0.0,0.0,0.0,0.0,0.0,0.0,0.0,0.0,0.0,0.0,0.0,0.0,0.0,0.0,0.0
2008/08,X-ray Engine,0.0,0.0,0.0,0.0,0.0,0.0,4300000.0,0.0,0.0,0.0,0.0,0.0,0.0,0.0,0.0,0.0,0.0,0.0,4300000.0,0.0,0.0
2008/09,Ronin,0.0,0.0,0.0,0.0,0.0,0.0,0.0,0.0,0.0,0.0,0.0,0.0,0.0,0.0,0.0,0.0,0.0,0.0,0.0,0.0,0.0
2008/09,TheEngine,0.0,0.0,0.0,0.0,0.0,1400000.0,1400000.0,0.0,0.0,0.0,0.0,0.0,0.0,1400000.0,0.0,0.0,0.0,1400000.0,0.0,0.0,0.0
2008/10,Dunia Engine,0.0,0.0,0.0,0.0,3500000.0,0.0,0.0,0.0,0.0,0.0,0.0,0.0,0.0,0.0,0.0,0.0,0.0,0.0,3500000.0,0.0,0.0
2008/10,GH Engine,0.0,0.0,0.0,0.0,0.0,0.0,0.0,0.0,0.0,0.0,0.0,0.0,0.0,0.0,0.0,0.0,0.0,0.0,0.0,0.0,0.0
2008/10,Gamebryo,0.0,0.0,0.0,0.0,0.0,0.0,2500000.0,0.0,0.0,0.0,0.0,0.0,0.0,0.0,0.0,0.0,0.0,0.0,2500000.0,0.0,0.0
2008/10,Godfather engine,0.0,0.0,0.0,0.0,0.0,0.0,0.0,0.0,0.0,0.0,0.0,0.0,0.0,0.0,0.0,0.0,0.0,0.0,0.0,0.0,0.0
2008/10,Havok,0.0,0.0,0.0,0.0,0.0,0.0,0.0,0.0,0.0,0.0,0.0,0.0,0.0,0.0,0.0,0.0,0.0,0.0,0.0,0.0,0.0
2008/11,Crystal Engine,0.0,0.0,0.0,0.0,3300000.0,0.0,0.0,0.0,0.0,0.0,0.0,0.0,3300000.0,0.0,0.0,0.0,0.0,0.0,3300000.0,0.0,0.0
2008/11,EAGL,0.0,0.0,0.0,0.0,0.0,0.0,0.0,1300000.0,0.0,0.0,0.0,0.0,0.0,0.0,0.0,1300000.0,0.0,0.0,0.0,0.0,0.0
2008/11,Hedgehog Engine,0.0,0.0,0.0,0.0,0.0,0.0,0.0,0.0,0.0,0.0,0.0,0.0,0.0,0.0,0.0,0.0,0.0,0.0,0.0,0.0,0.0
2008/11,IW Engine,0.0,0.0,0.0,0.0,5300000.0,0.0,0.0,0.0,0.0,0.0,0.0,0.0,0.0,0.0,0.0,0.0,0.0,0.0,5300000.0,0.0,0.0
2008/11,Source,0.0,0.0,0.0,0.0,0.0,0.0,0.0,0.0,0.0,0.0,0.0,0.0,0.0,0.0,0.0,0.0,0.0,0.0,0.0,0.0,0.0
2008/11,Unreal Engine,0.0,0.0,0.0,0.0,0.0,0.0,0.0,0.0,0.0,0.0,0.0,0.0,0.0,0.0,0.0,0.0,0.0,0.0,0.0,0.0,0.0
2008/11,id Tech,0.0,0.0,0.0,0.0,0.0,0.0,0.0,0.0,504000.0,0.0,0.0,504000.0,0.0,504000.0,0.0,0.0,0.0,0.0,504000.0,0.0,0.0
2008/12,GameMaker: Studio,0.0,0.0,0.0,0.0,0.0,0.0,0.0,0.0,0.0,0.0,0.0,0.0,0.0,0.0,0.0,0.0,0.0,0.0,0.0,0.0,0.0
2008/12,Scimitar,0.0,0.0,0.0,0.0,1200000.0,0.0,0.0,0.0,0.0,0.0,0.0,0.0,1200000.0,0.0,0.0,0.0,0.0,0.0,0.0,1200000.0,0.0
2009/02,AtmosFear,0.0,0.0,0.0,0.0,547000.0,0.0,0.0,0.0,0.0,0.0,0.0,0.0,0.0,0.0,0.0,0.0,0.0,0.0,547000.0,547000.0,0.0
2009/02,Essence Engine,0.0,0.0,0.0,0.0,0.0,0.0,0.0,0.0,3300000.0,0.0,0.0,0.0,0.0,3300000.0,0.0,0.0,0.0,0.0,0.0,0.0,0.0
2009/02,Havok Physics,0.0,0.0,0.0,0.0,0.0,0.0,0.0,0.0,0.0,0.0,0.0,0.0,0.0,0.0,0.0,0.0,0.0,0.0,0.0,0.0,0.0
2009/02,PainEngine,0.0,0.0,0.0,0.0,0.0,0.0,0.0,0.0,0.0,0.0,0.0,0.0,0.0,0.0,0.0,0.0,0.0,0.0,829000.0,0.0,0.0
2009/02,PhyreEngine,0.0,0.0,0.0,0.0,0.0,0.0,0.0,0.0,0.0,0.0,0.0,0.0,0.0,0.0,0.0,0.0,0.0,0.0,0.0,0.0,0.0
2009/03,MT Framework,0.0,0.0,0.0,0.0,0.0,0.0,0.0,0.0,0.0,0.0,0.0,0.0,0.0,0.0,0.0,0.0,0.0,0.0,0.0,0.0,0.0
2009/04,Godfather engine,0.0,0.0,0.0,0.0,0.0,0.0,0.0,0.0,0.0,0.0,0.0,0.0,0.0,0.0,0.0,0.0,0.0,0.0,0.0,0.0,0.0
2009/04,Starbreeze Engine,0.0,0.0,0.0,0.0,0.0,0.0,0.0,0.0,0.0,0.0,0.0,0.0,0.0,0.0,0.0,0.0,0.0,0.0,218000.0,0.0,0.0
2009/05,Diesel,0.0,0.0,0.0,0.0,1200000.0,0.0,0.0,0.0,0.0,0.0,0.0,0.0,1200000.0,0.0,0.0,0.0,0.0,0.0,1200000.0,0.0,0.0
2009/05,Java,0.0,0.0,0.0,0.0,0.0,1100000.0,0.0,0.0,0.0,0.0,0.0,1100000.0,0.0,0.0,0.0,0.0,0.0,0.0,1100000.0,0.0,0.0
2009/05,Popcap Games Framework,0.0,0.0,0.0,0.0,0.0,0.0,0.0,0.0,0.0,0.0,0.0,0.0,0.0,0.0,0.0,0.0,0.0,0.0,0.0,0.0,0.0
2009/05,Sunshine Engine,0.0,0.0,0.0,0.0,0.0,0.0,0.0,0.0,0.0,0.0,0.0,0.0,0.0,0.0,0.0,0.0,0.0,0.0,0.0,0.0,0.0
2009/05,Unreal Engine,0.0,0.0,0.0,0.0,0.0,0.0,0.0,0.0,0.0,0.0,0.0,0.0,0.0,0.0,0.0,0.0,0.0,0.0,1700000.0,0.0,0.0
2009/06,Chrome Engine,0.0,0.0,0.0,0.0,1300000.0,0.0,0.0,0.0,0.0,0.0,0.0,0.0,0.0,0.0,0.0,0.0,0.0,0.0,1300000.0,0.0,0.0
2009/06,Geo-Mod,0.0,0.0,0.0,0.0,0.0,0.0,0.0,0.0,0.0,0.0,0.0,0.0,0.0,0.0,0.0,0.0,0.0,0.0,0.0,0.0,0.0
2009/06,Real Virtuality 3,0.0,0.0,0.0,0.0,0.0,1300000.0,0.0,0.0,0.0,0.0,1300000.0,0.0,0.0,1300000.0,0.0,0.0,0.0,0.0,1300000.0,0.0,0.0
2009/06,The Sims 3 Engine,0.0,0.0,0.0,0.0,0.0,0.0,0.0,0.0,0.0,0.0,0.0,0.0,0.0,0.0,0.0,0.0,0.0,0.0,0.0,0.0,0.0
2009/06,Titanium,0.0,0.0,0.0,0.0,0.0,0.0,0.0,0.0,0.0,0.0,0.0,0.0,0.0,0.0,0.0,0.0,0.0,0.0,0.0,0.0,0.0
2009/07,Beard+Razor,0.0,0.0,0.0,0.0,0.0,0.0,0.0,0.0,0.0,0.0,0.0,0.0,0.0,0.0,0.0,0.0,0.0,0.0,0.0,0.0,0.0
2009/07,Frostbite,0.0,0.0,0.0,0.0,0.0,0.0,0.0,0.0,0.0,0.0,0.0,0.0,0.0,0.0,0.0,0.0,0.0,0.0,0.0,0.0,0.0
2009/07,Unreal Engine,0.0,0.0,0.0,0.0,0.0,0.0,0.0,0.0,0.0,0.0,0.0,0.0,0.0,0.0,0.0,0.0,0.0,0.0,0.0,0.0,0.0
2009/08,Unreal Engine,0.0,0.0,0.0,0.0,636000.0,0.0,0.0,0.0,0.0,0.0,0.0,0.0,636000.0,0.0,0.0,0.0,0.0,0.0,636000.0,636000.0,0.0
2009/08,id Tech,0.0,0.0,0.0,0.0,0.0,0.0,0.0,0.0,0.0,0.0,0.0,0.0,0.0,0.0,0.0,0.0,0.0,0.0,120000.0,0.0,0.0
2009/09,GH Engine,0.0,0.0,0.0,0.0,0.0,0.0,0.0,0.0,0.0,0.0,0.0,0.0,0.0,0.0,0.0,0.0,0.0,0.0,0.0,0.0,0.0
2009/09,Halo,0.0,0.0,0.0,0.0,0.0,0.0,0.0,0.0,0.0,0.0,0.0,0.0,0.0,0.0,0.0,0.0,0.0,0.0,0.0,0.0,0.0
2009/09,Torque 3D,470000.0,0.0,0.0,0.0,0.0,0.0,0.0,470000.0,0.0,0.0,0.0,470000.0,0.0,0.0,0.0,0.0,0.0,0.0,0.0,0.0,0.0
2009/09,Unreal Engine,0.0,0.0,0.0,0.0,0.0,0.0,0.0,0.0,0.0,0.0,0.0,0.0,0.0,0.0,0.0,0.0,0.0,0.0,717000.0,0.0,0.0
2009/10,Naughty Dog Engine,0.0,0.0,0.0,0.0,0.0,0.0,0.0,0.0,0.0,0.0,0.0,0.0,0.0,0.0,0.0,0.0,0.0,0.0,0.0,0.0,0.0
2009/10,OGRE,0.0,0.0,0.0,0.0,0.0,0.0,0.0,0.0,0.0,0.0,0.0,0.0,0.0,0.0,0.0,0.0,0.0,0.0,0.0,0.0,0.0
2009/10,Unreal Engine,0.0,0.0,0.0,0.0,0.0,0.0,0.0,0.0,0.0,0.0,0.0,0.0,0.0,0.0,0.0,0.0,0.0,0.0,0.0,0.0,0.0
2009/10,X-ray Engine,0.0,0.0,0.0,0.0,0.0,0.0,4800000.0,0.0,0.0,0.0,0.0,0.0,0.0,0.0,0.0,0.0,0.0,0.0,4800000.0,0.0,0.0
2009/11,Anvil,0.0,0.0,0.0,0.0,0.0,0.0,0.0,0.0,0.0,0.0,0.0,0.0,0.0,0.0,0.0,0.0,0.0,0.0,0.0,0.0,0.0
2009/11,Asura,0.0,0.0,0.0,0.0,0.0,0.0,0.0,0.0,0.0,0.0,297000.0,0.0,0.0,0.0,0.0,0.0,0.0,0.0,297000.0,0.0,0.0
2009/11,Eclipse Engine,0.0,0.0,0.0,0.0,0.0,0.0,2365000.0,0.0,0.0,0.0,0.0,0.0,0.0,0.0,0.0,0.0,0.0,0.0,0.0,0.0,0.0
2009/11,IW Engine,0.0,0.0,0.0,0.0,0.0,0.0,0.0,0.0,0.0,0.0,0.0,0.0,0.0,0.0,0.0,0.0,0.0,0.0,12000000.0,0.0,0.0
2009/11,Source,0.0,0.0,0.0,0.0,0.0,0.0,0.0,0.0,0.0,0.0,0.0,0.0,0.0,0.0,0.0,0.0,0.0,0.0,0.0,0.0,0.0
2009/11,TheEngine,0.0,0.0,0.0,0.0,2200000.0,0.0,2200000.0,0.0,0.0,0.0,0.0,0.0,0.0,2200000.0,0.0,0.0,0.0,2200000.0,0.0,0.0,0.0
2009/12,Crystal Tools,0.0,0.0,0.0,0.0,2100000.0,0.0,2100000.0,0.0,0.0,0.0,0.0,0.0,0.0,0.0,0.0,0.0,0.0,0.0,0.0,0.0,0.0
2009/12,Virtual Dream,0.0,0.0,0.0,0.0,0.0,0.0,468000.0,0.0,0.0,0.0,0.0,0.0,0.0,468000.0,0.0,0.0,0.0,468000.0,0.0,0.0,0.0
2010/01,Phoenix Engine (Relic),0.0,0.0,0.0,0.0,0.0,0.0,0.0,0.0,0.0,0.0,0.0,0.0,0.0,0.0,0.0,0.0,0.0,0.0,0.0,0.0,0.0
2010/01,Source,0.0,0.0,0.0,0.0,0.0,0.0,0.0,0.0,0.0,0.0,0.0,1900000.0,0.0,0.0,0.0,0.0,0.0,0.0,1900000.0,0.0,0.0
2010/01,SpeedTree,0.0,0.0,0.0,0.0,0.0,0.0,0.0,0.0,0.0,0.0,0.0,0.0,0.0,0.0,0.0,0.0,0.0,0.0,0.0,0.0,0.0
2010/01,Unreal Engine,0.0,0.0,0.0,0.0,0.0,0.0,0.0,0.0,0.0,0.0,0.0,0.0,0.0,0.0,0.0,0.0,0.0,0.0,0.0,0.0,0.0
2010/02,Asura,0.0,0.0,0.0,0.0,0.0,0.0,0.0,0.0,0.0,0.0,0.0,0.0,0.0,0.0,0.0,0.0,0.0,0.0,2900000.0,0.0,0.0
2010/02,Cryptic Engine,0.0,0.0,0.0,0.0,2200000.0,2200000.0,2200000.0,0.0,0.0,0.0,2200000.0,0.0,0.0,2200000.0,0.0,0.0,0.0,0.0,0.0,0.0,0.0
2010/02,Havok,0.0,0.0,0.0,0.0,0.0,0.0,0.0,0.0,0.0,0.0,0.0,0.0,0.0,0.0,0.0,799000.0,0.0,0.0,799000.0,0.0,0.0
2010/02,Sunshine Engine,0.0,0.0,0.0,0.0,0.0,0.0,0.0,1200000.0,0.0,0.0,0.0,0.0,0.0,0.0,0.0,0.0,0.0,0.0,0.0,0.0,0.0
2010/02,Unreal Engine,0.0,0.0,0.0,0.0,0.0,0.0,0.0,0.0,0.0,0.0,0.0,0.0,0.0,0.0,0.0,0.0,0.0,0.0,0.0,0.0,0.0
2010/03,4A Engine,0.0,0.0,0.0,0.0,0.0,0.0,10400000.0,0.0,0.0,0.0,0.0,0.0,0.0,0.0,0.0,0.0,0.0,0.0,10400000.0,0.0,0.0
2010/03,Havok Physics,0.0,0.0,0.0,0.0,0.0,0.0,0.0,0.0,0.0,0.0,0.0,0.0,0.0,0.0,0.0,0.0,0.0,0.0,0.0,0.0,0.0
2010/03,SAGE,0.0,0.0,0.0,0.0,0.0,0.0,0.0,0.0,1400000.0,0.0,0.0,0.0,0.0,1400000.0,0.0,0.0,0.0,0.0,0.0,0.0,0.0
2010/04,Diesel,0.0,0.0,0.0,0.0,0.0,0.0,0.0,0.0,0.0,0.0,0.0,0.0,0.0,0.0,0.0,0.0,0.0,0.0,1900000.0,0.0,0.0
2010/04,Taito Type X,0.0,0.0,0.0,0.0,0.0,0.0,0.0,0.0,0.0,0.0,0.0,0.0,0.0,0.0,0.0,0.0,0.0,0.0,0.0,0.0,2600000.0
2010/05,Anvil,0.0,0.0,0.0,0.0,965000.0,0.0,0.0,0.0,0.0,0.0,0.0,0.0,965000.0,0.0,0.0,0.0,0.0,0.0,0.0,0.0,0.0
2010/05,Horizon Engine,0.0,0.0,0.0,0.0,0.0,0.0,0.0,0.0,0.0,0.0,0.0,0.0,0.0,0.0,0.0,0.0,0.0,0.0,0.0,0.0,0.0
2010/05,MT Framework,0.0,0.0,0.0,0.0,677000.0,0.0,0.0,0.0,0.0,0.0,0.0,0.0,0.0,0.0,0.0,0.0,0.0,0.0,677000.0,0.0,0.0
2010/05,RAGE,0.0,0.0,0.0,0.0,0.0,0.0,0.0,0.0,0.0,0.0,0.0,0.0,0.0,0.0,0.0,0.0,0.0,0.0,0.0,0.0,0.0
2010/05,The Alan Wake Engine,0.0,0.0,0.0,0.0,0.0,0.0,0.0,0.0,0.0,0.0,0.0,0.0,0.0,0.0,0.0,0.0,0.0,0.0,0.0,0.0,0.0
2010/05,Unreal Engine,0.0,0.0,0.0,0.0,0.0,0.0,0.0,0.0,0.0,0.0,0.0,0.0,0.0,0.0,0.0,0.0,0.0,0.0,0.0,0.0,0.0
2010/06,Chrome Engine,0.0,0.0,0.0,0.0,0.0,2700000.0,0.0,0.0,0.0,0.0,2700000.0,0.0,0.0,0.0,0.0,0.0,0.0,0.0,2700000.0,0.0,0.0
2010/06,Unity,0.0,0.0,0.0,0.0,0.0,0.0,0.0,0.0,0.0,0.0,0.0,649000.0,0.0,0.0,0.0,0.0,0.0,0.0,0.0,649000.0,0.0
2010/06,Unreal Engine,0.0,0.0,0.0,0.0,829000.0,0.0,0.0,0.0,0.0,0.0,0.0,0.0,0.0,0.0,0.0,0.0,0.0,0.0,829000.0,0.0,0.0
2010/07,PhyreEngine,0.0,0.0,0.0,0.0,2349000.0,0.0,2349000.0,0.0,0.0,0.0,0.0,449000.0,0.0,0.0,0.0,0.0,0.0,0.0,0.0,0.0,449000.0
2010/07,Source,0.0,0.0,0.0,0.0,0.0,0.0,0.0,0.0,0.0,0.0,0.0,0.0,0.0,0.0,0.0,0.0,0.0,0.0,7000000.0,0.0,0.0
2010/07,Unreal Engine,2600000.0,0.0,0.0,0.0,2600000.0,2600000.0,0.0,0.0,0.0,0.0,0.0,2600000.0,0.0,2600000.0,0.0,0.0,0.0,0.0,0.0,0.0,0.0
2010/08,Glacier,0.0,0.0,0.0,0.0,2600000.0,0.0,0.0,0.0,0.0,0.0,0.0,0.0,0.0,0.0,0.0,0.0,0.0,0.0,2600000.0,0.0,0.0
2010/08,Popcap Games Framework,0.0,0.0,0.0,0.0,0.0,10100000.0,0.0,0.0,10100000.0,0.0,10100000.0,0.0,0.0,10100000.0,0.0,0.0,0.0,0.0,0.0,10100000.0,0.0
2010/09,Forge,0.0,0.0,0.0,0.0,1900000.0,0.0,0.0,0.0,0.0,0.0,0.0,0.0,0.0,0.0,0.0,0.0,0.0,0.0,0.0,0.0,0.0
2010/09,HPL Engine,0.0,0.0,0.0,0.0,3500000.0,0.0,0.0,0.0,0.0,0.0,0.0,3500000.0,0.0,0.0,0.0,0.0,0.0,0.0,0.0,3500000.0,0.0
2010/09,Halo,0.0,0.0,0.0,0.0,0.0,0.0,0.0,0.0,0.0,0.0,0.0,0.0,0.0,0.0,0.0,0.0,0.0,0.0,0.0,0.0,0.0
2010/09,IRISZOOM,0.0,0.0,0.0,0.0,0.0,0.0,0.0,0.0,1300000.0,0.0,1300000.0,0.0,0.0,1300000.0,0.0,0.0,0.0,0.0,0.0,0.0,0.0
2010/09,Merkury Engine,0.0,0.0,0.0,0.0,432000.0,0.0,0.0,0.0,0.0,0.0,0.0,0.0,432000.0,0.0,0.0,432000.0,0.0,0.0,0.0,0.0,0.0
2010/09,PhyreEngine,0.0,0.0,0.0,0.0,372000.0,0.0,372000.0,0.0,0.0,0.0,0.0,372000.0,0.0,0.0,0.0,0.0,0.0,0.0,0.0,0.0,0.0
2010/10,Buddha,0.0,0.0,0.0,0.0,0.0,0.0,0.0,0.0,0.0,0.0,0.0,0.0,0.0,0.0,0.0,0.0,0.0,0.0,0.0,0.0,0.0
2010/10,Gamebryo,0.0,0.0,0.0,0.0,0.0,0.0,0.0,0.0,0.0,0.0,0.0,0.0,0.0,0.0,0.0,0.0,0.0,0.0,0.0,0.0,0.0
2010/10,Spring,0.0,0.0,0.0,0.0,0.0,645000.0,0.0,0.0,645000.0,0.0,0.0,645000.0,0.0,645000.0,0.0,0.0,0.0,0.0,0.0,0.0,0.0
2010/10,Tommunism Engine,0.0,0.0,0.0,0.0,0.0,0.0,0.0,0.0,0.0,0.0,0.0,0.0,0.0,0.0,0.0,0.0,0.0,0.0,0.0,0.0,0.0
2010/10,Unreal Engine,0.0,0.0,0.0,0.0,0.0,0.0,0.0,0.0,0.0,0.0,0.0,0.0,0.0,0.0,0.0,0.0,0.0,0.0,0.0,0.0,0.0
2010/11,Chameleon,0.0,0.0,0.0,0.0,0.0,0.0,0.0,3100000.0,0.0,0.0,0.0,0.0,0.0,0.0,0.0,0.0,0.0,0.0,0.0,0.0,0.0
2010/11,Chrome Engine,0.0,0.0,0.0,0.0,0.0,0.0,0.0,546000.0,0.0,0.0,0.0,0.0,0.0,0.0,0.0,0.0,0.0,0.0,0.0,0.0,0.0
2010/11,Gamebryo,0.0,0.0,0.0,0.0,300000.0,0.0,300000.0,0.0,0.0,0.0,0.0,0.0,0.0,0.0,0.0,0.0,0.0,0.0,0.0,0.0,0.0
2010/11,Havok,0.0,0.0,0.0,0.0,0.0,0.0,0.0,0.0,0.0,0.0,0.0,0.0,0.0,0.0,0.0,0.0,0.0,0.0,0.0,0.0,0.0
2010/11,IW Engine,0.0,0.0,0.0,0.0,0.0,0.0,0.0,0.0,0.0,0.0,0.0,0.0,0.0,0.0,0.0,0.0,0.0,0.0,0.0,0.0,0.0
2011/01,OGRE,0.0,0.0,0.0,0.0,0.0,1177000.0,1177000.0,0.0,1177000.0,0.0,0.0,0.0,0.0,1177000.0,0.0,0.0,0.0,0.0,0.0,0.0,0.0
2011/02,Gamebryo,0.0,0.0,0.0,0.0,0.0,0.0,0.0,0.0,0.0,0.0,0.0,0.0,0.0,0.0,0.0,0.0,0.0,0.0,0.0,0.0,0.0
2011/02,MT Framework,0.0,0.0,0.0,0.0,0.0,0.0,0.0,0.0,0.0,0.0,0.0,0.0,0.0,0.0,0.0,0.0,0.0,0.0,0.0,0.0,980000.0
2011/02,Twilight,0.0,0.0,0.0,0.0,0.0,0.0,0.0,0.0,0.0,0.0,0.0,0.0,0.0,0.0,0.0,0.0,0.0,0.0,0.0,0.0,0.0
2011/02,Unreal Engine,0.0,0.0,0.0,0.0,0.0,0.0,0.0,0.0,0.0,0.0,0.0,0.0,0.0,0.0,0.0,0.0,0.0,0.0,1500000.0,0.0,0.0
2011/03,CryEngine,0.0,0.0,0.0,0.0,0.0,0.0,0.0,0.0,0.0,0.0,0.0,0.0,0.0,0.0,0.0,0.0,0.0,0.0,0.0,0.0,0.0
2011/03,Eclipse Engine,0.0,0.0,0.0,0.0,143000.0,0.0,143000.0,0.0,0.0,0.0,0.0,0.0,0.0,0.0,0.0,0.0,0.0,0.0,0.0,0.0,0.0
2011/03,TW Engine 3,0.0,0.0,0.0,0.0,0.0,11100000.0,0.0,0.0,11100000.0,0.0,11100000.0,0.0,0.0,11100000.0,0.0,0.0,0.0,11100000.0,0.0,0.0,0.0
2011/03,Unreal Engine,0.0,0.0,0.0,0.0,0.0,0.0,0.0,0.0,0.0,0.0,0.0,0.0,0.0,0.0,0.0,0.0,0.0,0.0,0.0,0.0,0.0
2011/04,BigWorld,0.0,0.0,0.0,0.0,0.0,0.0,0.0,0.0,0.0,0.0,0.0,0.0,0.0,0.0,0.0,0.0,0.0,0.0,0.0,0.0,0.0
2011/04,Liquid Engine,0.0,0.0,0.0,0.0,0.0,0.0,0.0,0.0,1500000.0,0.0,0.0,1500000.0,0.0,1500000.0,0.0,0.0,0.0,0.0,0.0,0.0,0.0
2011/04,Source,0.0,0.0,0.0,0.0,882000.0,0.0,0.0,0.0,0.0,0.0,0.0,0.0,882000.0,0.0,0.0,0.0,0.0,0.0,882000.0,882000.0,0.0
2011/05,Ego Engine,0.0,0.0,0.0,0.0,0.0,0.0,0.0,0.0,0.0,0.0,0.0,0.0,0.0,0.0,0.0,0.0,0.0,0.0,0.0,0.0,0.0
2011/05,id Tech,0.0,0.0,0.0,0.0,0.0,0.0,0.0,0.0,0.0,0.0,0.0,0.0,0.0,0.0,0.0,0.0,0.0,0.0,0.0,0.0,0.0
2011/06,Onyx Engine,0.0,0.0,0.0,0.0,0.0,0.0,1600000.0,0.0,0.0,0.0,0.0,0.0,0.0,0.0,0.0,0.0,0.0,0.0,0.0,0.0,0.0
2011/06,Unreal Engine,0.0,0.0,0.0,0.0,2900000.0,0.0,0.0,0.0,0.0,0.0,0.0,0.0,2900000.0,0.0,0.0,0.0,0.0,0.0,0.0,2900000.0,0.0
2011/07,Chrome Engine,0.0,0.0,0.0,0.0,604000.0,0.0,0.0,0.0,0.0,0.0,0.0,0.0,0.0,0.0,0.0,0.0,0.0,0.0,604000.0,0.0,0.0
2011/07,FNA,0.0,0.0,0.0,0.0,0.0,0.0,0.0,0.0,0.0,0.0,0.0,0.0,0.0,0.0,0.0,0.0,0.0,0.0,0.0,0.0,0.0
2011/07,LyN,0.0,0.0,0.0,0.0,0.0,0.0,0.0,0.0,0.0,0.0,0.0,0.0,0.0,0.0,0.0,0.0,0.0,0.0,0.0,0.0,0.0
2011/07,Real Virtuality,0.0,0.0,0.0,0.0,0.0,5900000.0,0.0,0.0,0.0,0.0,5900000.0,0.0,0.0,5900000.0,0.0,0.0,0.0,0.0,5900000.0,0.0,0.0
2011/07,Unity,0.0,0.0,0.0,0.0,0.0,0.0,0.0,0.0,0.0,0.0,0.0,478000.0,478000.0,0.0,0.0,478000.0,0.0,0.0,0.0,0.0,0.0
2011/08,PhyreEngine,0.0,0.0,0.0,0.0,0.0,0.0,1200000.0,0.0,0.0,0.0,1200000.0,0.0,0.0,0.0,0.0,0.0,0.0,0.0,0.0,0.0,0.0
2011/08,Real Virtuality,0.0,0.0,0.0,0.0,0.0,0.0,0.0,0.0,0.0,0.0,0.0,0.0,0.0,0.0,0.0,0.0,0.0,0.0,1500000.0,0.0,0.0
2011/08,Source,0.0,0.0,0.0,0.0,0.0,0.0,0.0,0.0,0.0,0.0,0.0,5700000.0,0.0,0.0,0.0,0.0,0.0,0.0,0.0,0.0,0.0
2011/08,Unreal Engine,0.0,0.0,0.0,0.0,0.0,0.0,0.0,0.0,0.0,0.0,0.0,0.0,0.0,0.0,0.0,0.0,0.0,0.0,0.0,0.0,0.0
2011/09,Adobe Flash Player,0.0,0.0,0.0,0.0,16399999.0,0.0,16399999.0,0.0,0.0,0.0,0.0,16399999.0,0.0,0.0,0.0,0.0,0.0,0.0,16399999.0,0.0,0.0
2011/09,Avalanche engine,0.0,0.0,0.0,0.0,0.0,0.0,0.0,0.0,0.0,0.0,0.0,0.0,0.0,0.0,0.0,0.0,0.0,0.0,3000000.0,0.0,0.0
2011/09,Chrome Engine,0.0,0.0,0.0,0.0,0.0,0.0,0.0,0.0,0.0,0.0,0.0,0.0,0.0,0.0,0.0,0.0,0.0,0.0,0.0,0.0,0.0
2011/09,Insomniac Engine,0.0,0.0,0.0,0.0,0.0,0.0,0.0,0.0,0.0,0.0,0.0,0.0,0.0,0.0,0.0,0.0,0.0,0.0,0.0,0.0,0.0
2011/09,Unreal Engine,0.0,0.0,0.0,0.0,0.0,0.0,0.0,0.0,0.0,0.0,0.0,0.0,0.0,0.0,0.0,0.0,0.0,0.0,0.0,0.0,0.0
2011/10,Unreal Engine,0.0,0.0,0.0,0.0,0.0,0.0,0.0,0.0,0.0,0.0,0.0,0.0,0.0,0.0,0.0,0.0,0.0,0.0,0.0,0.0,0.0
2011/10,id Tech,0.0,0.0,0.0,0.0,0.0,0.0,0.0,0.0,0.0,0.0,0.0,0.0,0.0,0.0,0.0,0.0,0.0,0.0,0.0,0.0,0.0
2011/11,Creation Engine,0.0,0.0,0.0,0.0,1300000.0,0.0,1300000.0,0.0,0.0,0.0,0.0,0.0,0.0,0.0,0.0,0.0,0.0,0.0,0.0,0.0,0.0
2011/11,Frostbite 2,0.0,0.0,0.0,0.0,0.0,0.0,0.0,0.0,0.0,0.0,0.0,0.0,0.0,0.0,0.0,0.0,0.0,0.0,0.0,0.0,0.0
2011/11,Havok,0.0,0.0,0.0,0.0,0.0,0.0,0.0,0.0,0.0,0.0,0.0,0.0,0.0,0.0,0.0,0.0,0.0,0.0,0.0,0.0,0.0
2011/11,Hedgehog Engine,0.0,0.0,0.0,0.0,0.0,0.0,0.0,0.0,0.0,0.0,0.0,0.0,0.0,0.0,0.0,0.0,0.0,0.0,0.0,0.0,0.0
2011/11,Lightweight Java Game Library,0.0,0.0,0.0,0.0,0.0,0.0,0.0,0.0,0.0,0.0,0.0,0.0,0.0,0.0,0.0,0.0,0.0,0.0,0.0,0.0,0.0
2011/11,Naughty Dog Engine,0.0,0.0,0.0,0.0,0.0,0.0,0.0,0.0,0.0,0.0,0.0,0.0,0.0,0.0,0.0,0.0,0.0,0.0,0.0,0.0,0.0
2011/11,Serious Engine,0.0,0.0,0.0,0.0,0.0,0.0,0.0,0.0,0.0,0.0,0.0,307000.0,0.0,0.0,0.0,0.0,0.0,0.0,307000.0,307000.0,0.0
2011/11,UbiArt Framework,0.0,0.0,0.0,0.0,0.0,0.0,0.0,0.0,0.0,0.0,0.0,0.0,0.0,0.0,0.0,0.0,0.0,0.0,0.0,0.0,0.0
2011/12,Crystal Tools,0.0,0.0,0.0,0.0,1100000.0,0.0,1100000.0,0.0,1100000.0,0.0,0.0,0.0,0.0,0.0,0.0,0.0,0.0,0.0,0.0,0.0,0.0
2011/12,X3 Reality,0.0,0.0,0.0,0.0,0.0,760000.0,0.0,0.0,0.0,0.0,0.0,0.0,0.0,0.0,0.0,0.0,0.0,0.0,0.0,0.0,0.0
2012/01,Custom built engine,0.0,0.0,0.0,0.0,0.0,0.0,0.0,0.0,0.0,0.0,0.0,337000.0,0.0,0.0,0.0,0.0,0.0,0.0,0.0,337000.0,0.0
2012/01,Unreal Engine,0.0,0.0,0.0,0.0,0.0,495000.0,0.0,0.0,0.0,0.0,0.0,495000.0,0.0,0.0,0.0,0.0,0.0,0.0,0.0,0.0,0.0
2012/02,"""RenPy Visual Novel Engine""",0.0,0.0,0.0,0.0,667000.0,0.0,0.0,0.0,0.0,0.0,0.0,667000.0,0.0,0.0,667000.0,0.0,0.0,0.0,0.0,0.0,0.0
2012/02,Adobe Flash Player,0.0,983000.0,0.0,0.0,983000.0,0.0,0.0,0.0,0.0,0.0,0.0,983000.0,0.0,0.0,0.0,0.0,0.0,0.0,0.0,983000.0,0.0
2012/02,Evolution Engine,0.0,0.0,0.0,0.0,0.0,0.0,0.0,0.0,0.0,0.0,0.0,0.0,0.0,0.0,0.0,0.0,0.0,0.0,0.0,0.0,0.0
2012/03,Hexane Engine,0.0,0.0,0.0,0.0,673000.0,0.0,0.0,0.0,0.0,0.0,0.0,0.0,0.0,0.0,0.0,0.0,0.0,0.0,673000.0,0.0,0.0
2012/03,Unreal Engine,0.0,0.0,0.0,0.0,0.0,0.0,0.0,0.0,0.0,0.0,0.0,0.0,0.0,0.0,0.0,0.0,0.0,0.0,0.0,0.0,0.0
2012/04,"""RenPy Visual Novel Engine""",0.0,0.0,0.0,0.0,349000.0,0.0,349000.0,0.0,0.0,0.0,0.0,349000.0,0.0,0.0,0.0,0.0,0.0,0.0,0.0,0.0,0.0
2012/04,Asura,0.0,0.0,0.0,0.0,0.0,0.0,0.0,0.0,0.0,0.0,0.0,0.0,0.0,0.0,0.0,0.0,0.0,0.0,0.0,0.0,0.0
2012/04,Clickteam Fusion,0.0,0.0,0.0,0.0,1500000.0,0.0,1500000.0,0.0,0.0,0.0,0.0,1500000.0,1500000.0,0.0,0.0,0.0,0.0,0.0,0.0,0.0,0.0
2012/04,Source,0.0,0.0,0.0,0.0,0.0,0.0,0.0,0.0,0.0,0.0,0.0,256000.0,0.0,256000.0,0.0,0.0,0.0,0.0,256000.0,0.0,0.0
2012/04,Telltale Tool,0.0,0.0,0.0,0.0,0.0,0.0,0.0,0.0,0.0,0.0,0.0,0.0,0.0,0.0,0.0,0.0,0.0,0.0,0.0,0.0,0.0
2012/04,Titanium,0.0,0.0,0.0,0.0,2400000.0,0.0,0.0,0.0,0.0,0.0,0.0,0.0,2400000.0,0.0,0.0,0.0,0.0,0.0,0.0,0.0,0.0
2012/05,Euphoria Engine,0.0,0.0,0.0,0.0,0.0,0.0,0.0,0.0,0.0,0.0,0.0,0.0,0.0,0.0,0.0,0.0,0.0,0.0,0.0,0.0,0.0
2012/05,Glacier,0.0,0.0,0.0,0.0,0.0,0.0,0.0,0.0,0.0,0.0,9800000.0,0.0,0.0,0.0,0.0,0.0,0.0,0.0,9800000.0,0.0,0.0
2012/05,MT Framework,0.0,0.0,0.0,0.0,0.0,0.0,0.0,0.0,0.0,0.0,0.0,0.0,0.0,0.0,0.0,0.0,0.0,0.0,0.0,0.0,0.0
2012/05,YETI,0.0,0.0,0.0,0.0,993000.0,0.0,0.0,0.0,0.0,0.0,0.0,0.0,0.0,0.0,0.0,0.0,0.0,0.0,993000.0,0.0,0.0
2012/06,Game Maker Studio,0.0,0.0,0.0,0.0,993000.0,0.0,0.0,0.0,0.0,0.0,0.0,993000.0,0.0,0.0,993000.0,0.0,0.0,0.0,0.0,993000.0,0.0
2012/06,Unity,0.0,0.0,0.0,0.0,0.0,0.0,0.0,0.0,637000.0,0.0,0.0,637000.0,0.0,637000.0,0.0,637000.0,0.0,0.0,637000.0,0.0,0.0
2012/06,Unreal Engine,0.0,0.0,0.0,0.0,0.0,0.0,0.0,0.0,0.0,0.0,0.0,0.0,0.0,0.0,0.0,0.0,0.0,0.0,0.0,0.0,0.0
2012/07,Microsoft XNA,0.0,0.0,0.0,0.0,476000.0,0.0,0.0,0.0,0.0,0.0,0.0,476000.0,0.0,0.0,0.0,0.0,0.0,0.0,476000.0,0.0,0.0
2012/07,Torque 3D,0.0,0.0,0.0,0.0,0.0,0.0,0.0,0.0,1000000.0,0.0,0.0,1000000.0,0.0,1000000.0,0.0,0.0,0.0,0.0,0.0,0.0,0.0
2012/07,Unity,0.0,0.0,0.0,0.0,0.0,0.0,0.0,0.0,0.0,0.0,0.0,0.0,0.0,0.0,0.0,0.0,0.0,0.0,0.0,0.0,0.0
2012/07,Unity3D,0.0,0.0,0.0,0.0,768000.0,0.0,0.0,0.0,0.0,0.0,0.0,0.0,0.0,0.0,0.0,0.0,0.0,0.0,0.0,768000.0,0.0
2012/07,Unreal Engine,903000.0,0.0,0.0,0.0,0.0,0.0,0.0,0.0,0.0,0.0,0.0,0.0,0.0,0.0,0.0,903000.0,0.0,0.0,0.0,0.0,0.0
2012/08,HTML5,0.0,0.0,0.0,0.0,0.0,0.0,0.0,0.0,0.0,0.0,0.0,0.0,0.0,0.0,0.0,0.0,0.0,0.0,0.0,0.0,0.0
2012/08,Havok Physics,0.0,0.0,0.0,0.0,0.0,0.0,0.0,0.0,0.0,0.0,0.0,0.0,0.0,0.0,0.0,0.0,0.0,0.0,0.0,0.0,0.0
2012/08,Phoenix Engine (Relic),0.0,0.0,0.0,0.0,4500000.0,0.0,4500000.0,0.0,0.0,0.0,0.0,0.0,0.0,0.0,0.0,0.0,0.0,0.0,0.0,0.0,0.0
2012/08,RPG Maker,0.0,0.0,0.0,0.0,0.0,0.0,0.0,0.0,0.0,0.0,0.0,0.0,0.0,0.0,0.0,0.0,0.0,0.0,0.0,0.0,0.0
2012/08,Unreal Engine,0.0,0.0,0.0,0.0,732000.0,0.0,0.0,0.0,0.0,0.0,0.0,732000.0,732000.0,0.0,0.0,0.0,0.0,0.0,0.0,732000.0,0.0
2012/08,XNA Game Studio,0.0,0.0,0.0,0.0,997000.0,0.0,0.0,0.0,0.0,0.0,0.0,997000.0,997000.0,0.0,0.0,997000.0,0.0,0.0,0.0,997000.0,0.0
2012/08,id Tech,0.0,0.0,0.0,0.0,525000.0,0.0,0.0,0.0,0.0,0.0,0.0,525000.0,0.0,0.0,0.0,0.0,0.0,0.0,0.0,525000.0,0.0
2012/09,Enforce,0.0,0.0,0.0,0.0,0.0,777000.0,0.0,0.0,777000.0,0.0,0.0,0.0,0.0,777000.0,0.0,0.0,0.0,0.0,777000.0,0.0,0.0
2012/09,Impact Engine,0.0,0.0,0.0,0.0,0.0,0.0,0.0,0.0,0.0,0.0,0.0,0.0,0.0,0.0,0.0,0.0,0.0,0.0,0.0,0.0,0.0
2012/09,Proprietary Engine,0.0,0.0,0.0,0.0,0.0,0.0,0.0,0.0,0.0,0.0,0.0,0.0,0.0,0.0,0.0,0.0,0.0,0.0,0.0,0.0,0.0
2012/09,Unity,0.0,2700000.0,0.0,0.0,0.0,0.0,0.0,0.0,0.0,0.0,0.0,2700000.0,0.0,0.0,0.0,0.0,0.0,0.0,0.0,2700000.0,0.0
2012/09,Unreal Engine,0.0,0.0,0.0,0.0,0.0,0.0,0.0,0.0,0.0,0.0,0.0,0.0,0.0,0.0,0.0,0.0,0.0,0.0,0.0,0.0,0.0
2012/10,AnvilNext,0.0,0.0,0.0,0.0,0.0,0.0,0.0,0.0,0.0,0.0,0.0,0.0,0.0,0.0,0.0,0.0,0.0,0.0,0.0,0.0,0.0
2012/10,EngineX,0.0,0.0,0.0,0.0,0.0,0.0,0.0,0.0,0.0,0.0,0.0,0.0,0.0,0.0,0.0,0.0,0.0,0.0,0.0,0.0,0.0
2012/10,Game Maker,0.0,0.0,0.0,0.0,0.0,1800000.0,0.0,0.0,0.0,0.0,0.0,1800000.0,0.0,1800000.0,0.0,0.0,0.0,0.0,0.0,1800000.0,0.0
2012/10,GameMaker: Studio,0.0,0.0,0.0,0.0,0.0,0.0,0.0,0.0,0.0,0.0,0.0,0.0,0.0,0.0,0.0,0.0,0.0,0.0,0.0,0.0,0.0
2012/10,MT Framework,0.0,0.0,0.0,0.0,6300000.0,0.0,0.0,0.0,0.0,0.0,0.0,0.0,0.0,0.0,0.0,0.0,0.0,0.0,6300000.0,0.0,0.0
2012/10,Prism3D,0.0,0.0,0.0,0.0,0.0,41300000.0,0.0,41300000.0,0.0,0.0,0.0,0.0,0.0,0.0,0.0,0.0,0.0,0.0,0.0,0.0,0.0
2012/10,Spark Casual Engine,0.0,695000.0,0.0,0.0,695000.0,0.0,0.0,0.0,0.0,0.0,0.0,0.0,0.0,0.0,0.0,0.0,0.0,0.0,0.0,695000.0,0.0
2012/10,Unity,0.0,0.0,0.0,0.0,5500000.0,0.0,0.0,0.0,0.0,0.0,0.0,5500000.0,2200000.0,0.0,0.0,0.0,2200000.0,0.0,2200000.0,5500000.0,0.0
2012/10,Unreal Engine,0.0,0.0,0.0,0.0,0.0,0.0,0.0,0.0,0.0,0.0,0.0,0.0,0.0,0.0,0.0,0.0,0.0,0.0,0.0,0.0,0.0
2012/10,Vision,0.0,0.0,0.0,0.0,770000.0,0.0,0.0,0.0,0.0,0.0,0.0,770000.0,770000.0,0.0,0.0,0.0,0.0,0.0,0.0,770000.0,0.0
2012/10,Visionaire,0.0,1700000.0,0.0,0.0,1700000.0,0.0,0.0,0.0,0.0,0.0,0.0,1700000.0,0.0,0.0,0.0,0.0,0.0,0.0,0.0,1700000.0,0.0
2012/11,Bluepoint Engine,0.0,0.0,0.0,0.0,0.0,0.0,0.0,0.0,0.0,0.0,0.0,0.0,0.0,0.0,0.0,0.0,0.0,0.0,0.0,0.0,0.0
2012/11,Dunia Engine,0.0,0.0,0.0,0.0,0.0,0.0,0.0,0.0,0.0,0.0,0.0,0.0,0.0,0.0,0.0,0.0,0.0,0.0,0.0,0.0,0.0
2012/11,Glacier,0.0,0.0,0.0,0.0,0.0,0.0,0.0,0.0,0.0,0.0,0.0,0.0,0.0,0.0,0.0,0.0,0.0,0.0,0.0,0.0,0.0
2012/11,Halo,0.0,0.0,0.0,0.0,0.0,0.0,0.0,0.0,0.0,0.0,0.0,0.0,0.0,0.0,0.0,0.0,0.0,0.0,0.0,0.0,0.0
2012/11,IW Engine,0.0,0.0,0.0,0.0,0.0,0.0,0.0,0.0,0.0,0.0,0.0,0.0,0.0,0.0,0.0,0.0,0.0,0.0,0.0,0.0,0.0
2012/11,Starlight,0.0,0.0,0.0,0.0,0.0,0.0,0.0,0.0,0.0,0.0,0.0,0.0,0.0,0.0,0.0,0.0,0.0,0.0,0.0,0.0,0.0
2012/11,Unreal Engine,535000.0,0.0,0.0,0.0,0.0,0.0,0.0,0.0,0.0,0.0,0.0,0.0,0.0,0.0,0.0,0.0,0.0,0.0,0.0,0.0,535000.0
2012/12,Adventure Game Studio,0.0,942000.0,0.0,0.0,942000.0,0.0,0.0,0.0,0.0,0.0,0.0,942000.0,0.0,0.0,0.0,0.0,0.0,0.0,0.0,942000.0,0.0
2012/12,RENA,0.0,0.0,0.0,0.0,1072000.0,0.0,1072000.0,0.0,0.0,0.0,0.0,0.0,0.0,0.0,0.0,0.0,0.0,0.0,0.0,0.0,0.0
2012/12,T-Engine,0.0,0.0,0.0,0.0,1000000.0,0.0,1000000.0,0.0,0.0,0.0,1000000.0,1000000.0,0.0,0.0,0.0,0.0,0.0,0.0,0.0,0.0,0.0
2012/12,Unreal Engine,0.0,0.0,0.0,0.0,0.0,0.0,0.0,0.0,0.0,0.0,0.0,0.0,0.0,0.0,0.0,0.0,0.0,0.0,7300000.0,0.0,0.0
2012/12,Voxlap,0.0,0.0,0.0,0.0,0.0,0.0,0.0,0.0,0.0,0.0,0.0,2500000.0,0.0,0.0,0.0,0.0,0.0,0.0,2500000.0,0.0,0.0
2013/01,CryEngine,0.0,0.0,0.0,0.0,1700000.0,0.0,1700000.0,0.0,0.0,0.0,0.0,0.0,0.0,0.0,0.0,0.0,0.0,0.0,0.0,0.0,0.0
2013/01,Unity,0.0,0.0,0.0,0.0,610000.0,0.0,0.0,0.0,0.0,0.0,0.0,610000.0,0.0,0.0,0.0,0.0,0.0,0.0,0.0,610000.0,0.0
2013/01,Unreal Engine,0.0,0.0,0.0,0.0,0.0,0.0,0.0,0.0,0.0,0.0,0.0,0.0,0.0,0.0,0.0,0.0,0.0,0.0,0.0,0.0,0.0
2013/02,Adventure Game Studio,0.0,448000.0,0.0,0.0,448000.0,0.0,0.0,0.0,0.0,0.0,0.0,448000.0,0.0,0.0,0.0,0.0,0.0,0.0,0.0,448000.0,0.0
2013/02,CryEngine,0.0,0.0,0.0,0.0,0.0,0.0,0.0,0.0,0.0,0.0,0.0,0.0,0.0,0.0,0.0,0.0,0.0,0.0,0.0,0.0,0.0
2013/02,Custom built engine,0.0,0.0,0.0,0.0,0.0,0.0,699000.0,0.0,0.0,0.0,699000.0,699000.0,0.0,0.0,0.0,0.0,0.0,699000.0,0.0,0.0,0.0
2013/02,Twine,0.0,0.0,0.0,0.0,1500000.0,0.0,0.0,0.0,0.0,0.0,0.0,1500000.0,0.0,0.0,0.0,0.0,0.0,0.0,0.0,0.0,0.0
2013/02,Unity,0.0,1500000.0,0.0,0.0,2319000.0,0.0,1500000.0,0.0,0.0,0.0,0.0,2319000.0,819000.0,819000.0,0.0,0.0,0.0,819000.0,0.0,1500000.0,0.0
2013/02,Unreal Engine,0.0,0.0,0.0,0.0,0.0,0.0,0.0,0.0,0.0,0.0,0.0,0.0,0.0,0.0,0.0,0.0,0.0,0.0,0.0,0.0,0.0
2013/02,Visceral Engine,0.0,0.0,0.0,0.0,0.0,0.0,0.0,0.0,0.0,0.0,0.0,0.0,0.0,0.0,0.0,0.0,0.0,0.0,0.0,0.0,0.0
2013/03,Adobe Flash Player,0.0,0.0,0.0,0.0,751000.0,0.0,751000.0,0.0,0.0,0.0,0.0,751000.0,0.0,751000.0,0.0,0.0,0.0,751000.0,0.0,0.0,0.0
2013/03,Crystal Engine,0.0,0.0,0.0,0.0,0.0,0.0,0.0,0.0,0.0,0.0,0.0,0.0,0.0,0.0,0.0,0.0,0.0,0.0,0.0,0.0,0.0
2013/03,Evolution,0.0,0.0,0.0,0.0,0.0,0.0,0.0,0.0,0.0,0.0,0.0,0.0,0.0,0.0,0.0,0.0,0.0,0.0,0.0,0.0,0.0
2013/03,Mercury Steam Engine,0.0,0.0,0.0,0.0,822000.0,0.0,0.0,0.0,0.0,0.0,0.0,0.0,822000.0,0.0,0.0,0.0,0.0,0.0,0.0,0.0,0.0
2013/03,Unreal Engine,0.0,0.0,0.0,0.0,0.0,0.0,0.0,0.0,0.0,0.0,0.0,0.0,0.0,0.0,0.0,0.0,0.0,0.0,0.0,0.0,0.0
2013/03,Visionaire,0.0,1600000.0,0.0,0.0,1600000.0,0.0,0.0,0.0,0.0,0.0,0.0,1600000.0,0.0,1600000.0,0.0,0.0,0.0,0.0,0.0,1600000.0,0.0
2013/04,Adobe AIR,0.0,0.0,0.0,0.0,1200000.0,0.0,1200000.0,0.0,0.0,0.0,0.0,1200000.0,0.0,0.0,0.0,0.0,0.0,0.0,0.0,0.0,0.0
2013/04,GameMaker,0.0,1100000.0,0.0,0.0,1100000.0,0.0,0.0,0.0,0.0,0.0,0.0,1100000.0,0.0,1100000.0,0.0,0.0,0.0,1100000.0,0.0,1100000.0,0.0
2013/04,GoldSrc,0.0,0.0,0.0,0.0,7100000.0,0.0,0.0,0.0,0.0,0.0,0.0,7100000.0,0.0,0.0,0.0,0.0,0.0,0.0,7100000.0,0.0,0.0
2013/04,Silk Engine,0.0,0.0,0.0,0.0,900000.0,0.0,900000.0,0.0,0.0,0.0,0.0,0.0,0.0,0.0,0.0,0.0,0.0,0.0,0.0,0.0,0.0
2013/05,4A Engine,0.0,0.0,0.0,0.0,0.0,0.0,0.0,0.0,0.0,0.0,0.0,0.0,0.0,0.0,0.0,0.0,0.0,0.0,9500000.0,0.0,0.0
2013/06,CryEngine,0.0,0.0,0.0,0.0,2100000.0,2100000.0,2100000.0,0.0,0.0,0.0,0.0,0.0,0.0,2100000.0,0.0,0.0,0.0,0.0,2100000.0,0.0,0.0
2013/06,Havok,0.0,0.0,0.0,0.0,0.0,0.0,0.0,0.0,0.0,0.0,0.0,0.0,0.0,0.0,0.0,0.0,0.0,0.0,0.0,0.0,0.0
2013/06,Unity,0.0,0.0,0.0,0.0,0.0,1200000.0,0.0,0.0,0.0,0.0,1200000.0,1200000.0,0.0,1200000.0,0.0,0.0,0.0,1200000.0,0.0,0.0,0.0
2013/06,Unreal Engine,0.0,0.0,0.0,0.0,1600000.0,0.0,6900000.0,0.0,0.0,0.0,0.0,0.0,0.0,0.0,0.0,0.0,0.0,0.0,1600000.0,0.0,0.0
2013/07,"""RenPy Visual Novel Engine""",0.0,0.0,0.0,0.0,304000.0,0.0,0.0,0.0,0.0,0.0,0.0,304000.0,0.0,0.0,304000.0,0.0,0.0,0.0,0.0,0.0,0.0
2013/07,Havok Physics,0.0,0.0,0.0,0.0,0.0,0.0,0.0,0.0,0.0,0.0,0.0,0.0,0.0,0.0,0.0,0.0,0.0,0.0,1300000.0,0.0,0.0
2013/07,Unity,0.0,0.0,0.0,0.0,3061000.0,897000.0,4497000.0,0.0,0.0,0.0,897000.0,2061000.0,0.0,897000.0,0.0,0.0,0.0,0.0,3197000.0,761000.0,0.0
2013/08,Cocos2d-x,0.0,0.0,0.0,0.0,17400000.0,0.0,0.0,0.0,0.0,0.0,0.0,17400000.0,17400000.0,0.0,0.0,17400000.0,17400000.0,0.0,0.0,0.0,0.0
2013/08,Crystal Tools,0.0,0.0,0.0,0.0,0.0,0.0,4700000.0,0.0,0.0,0.0,0.0,0.0,0.0,0.0,0.0,0.0,0.0,0.0,0.0,0.0,0.0
2013/08,Custom built engine,0.0,0.0,0.0,0.0,2400000.0,0.0,0.0,0.0,0.0,0.0,0.0,0.0,0.0,0.0,0.0,0.0,0.0,0.0,2400000.0,0.0,0.0
2013/08,Diesel,0.0,0.0,0.0,0.0,0.0,0.0,0.0,0.0,0.0,0.0,0.0,0.0,0.0,0.0,0.0,0.0,0.0,0.0,0.0,0.0,0.0
2013/08,Unity,0.0,1900000.0,0.0,0.0,3000000.0,1100000.0,0.0,0.0,0.0,0.0,0.0,3000000.0,0.0,0.0,0.0,0.0,1900000.0,1100000.0,0.0,1900000.0,0.0
2013/08,Unreal Engine,0.0,0.0,0.0,0.0,0.0,0.0,0.0,0.0,0.0,0.0,0.0,0.0,0.0,0.0,0.0,0.0,0.0,0.0,1700000.0,0.0,0.0
2013/08,Visionaire,0.0,1600000.0,0.0,0.0,1600000.0,0.0,0.0,0.0,0.0,0.0,0.0,1600000.0,0.0,0.0,0.0,0.0,0.0,0.0,0.0,1600000.0,0.0
2013/09,GameMaker: Studio,0.0,0.0,0.0,0.0,563000.0,0.0,563000.0,0.0,0.0,0.0,0.0,563000.0,563000.0,563000.0,0.0,0.0,0.0,0.0,0.0,0.0,0.0
2013/09,Impact Engine,0.0,0.0,0.0,0.0,0.0,0.0,0.0,0.0,0.0,0.0,0.0,0.0,0.0,0.0,0.0,0.0,0.0,0.0,0.0,0.0,0.0
2013/09,RAGE,0.0,0.0,0.0,0.0,75900000.0,0.0,0.0,75900000.0,0.0,0.0,0.0,0.0,0.0,0.0,0.0,0.0,0.0,0.0,75900000.0,0.0,0.0
2013/09,Real Virtuality 4,0.0,0.0,0.0,0.0,0.0,19000000.0,0.0,0.0,0.0,0.0,19000000.0,0.0,0.0,19000000.0,0.0,0.0,0.0,0.0,19000000.0,0.0,0.0
2013/09,Source,0.0,0.0,0.0,0.0,0.0,0.0,0.0,0.0,0.0,0.0,0.0,10400000.0,0.0,0.0,0.0,0.0,0.0,0.0,10400000.0,0.0,0.0
2013/09,Unity,0.0,678000.0,0.0,0.0,2878000.0,0.0,0.0,0.0,0.0,0.0,0.0,4759000.0,0.0,1881000.0,0.0,0.0,0.0,0.0,0.0,1881000.0,0.0
2013/09,Unreal Engine,0.0,0.0,0.0,0.0,0.0,0.0,0.0,0.0,0.0,0.0,0.0,0.0,0.0,0.0,0.0,0.0,0.0,0.0,0.0,0.0,0.0
2013/09,ZEN,0.0,0.0,0.0,0.0,689000.0,0.0,0.0,0.0,0.0,0.0,0.0,0.0,0.0,0.0,0.0,0.0,0.0,0.0,0.0,689000.0,0.0
2013/10,AnvilNext,0.0,0.0,0.0,0.0,6100000.0,0.0,0.0,0.0,0.0,0.0,0.0,0.0,6100000.0,0.0,0.0,0.0,0.0,0.0,0.0,0.0,0.0
2013/10,Bluepoint Engine,0.0,0.0,0.0,0.0,1300000.0,0.0,0.0,0.0,0.0,0.0,0.0,0.0,0.0,0.0,0.0,0.0,0.0,0.0,1300000.0,0.0,0.0
2013/10,CryEngine,0.0,0.0,0.0,0.0,0.0,0.0,0.0,0.0,0.0,0.0,0.0,0.0,0.0,0.0,0.0,0.0,0.0,0.0,0.0,0.0,0.0
2013/10,Ego Engine,0.0,0.0,0.0,0.0,0.0,0.0,0.0,0.0,0.0,0.0,0.0,0.0,0.0,0.0,0.0,0.0,0.0,0.0,0.0,0.0,0.0
2013/10,Frostbite,0.0,0.0,0.0,0.0,0.0,0.0,0.0,0.0,0.0,0.0,0.0,0.0,0.0,0.0,0.0,0.0,0.0,0.0,0.0,0.0,0.0
2013/10,Gamebryo,0.0,0.0,0.0,0.0,0.0,0.0,0.0,0.0,0.0,0.0,0.0,0.0,0.0,0.0,0.0,0.0,0.0,0.0,0.0,0.0,0.0
2013/10,Hedgehog Engine,0.0,0.0,0.0,0.0,805000.0,0.0,0.0,0.0,0.0,0.0,0.0,0.0,805000.0,0.0,0.0,0.0,0.0,0.0,0.0,0.0,0.0
2013/10,Source,0.0,0.0,0.0,0.0,3300000.0,0.0,0.0,0.0,0.0,0.0,0.0,3300000.0,0.0,0.0,0.0,0.0,0.0,0.0,3300000.0,0.0,0.0
2013/10,Unity,0.0,0.0,0.0,0.0,0.0,0.0,1600000.0,0.0,0.0,0.0,0.0,1600000.0,0.0,1600000.0,0.0,0.0,0.0,0.0,0.0,0.0,0.0
2013/10,Unreal Engine,0.0,0.0,0.0,0.0,0.0,0.0,0.0,0.0,0.0,0.0,0.0,0.0,0.0,0.0,0.0,0.0,0.0,0.0,0.0,0.0,0.0
2013/10,Viscious Engine,0.0,0.0,0.0,0.0,0.0,0.0,810000.0,0.0,0.0,0.0,0.0,0.0,0.0,0.0,0.0,0.0,0.0,0.0,0.0,810000.0,0.0
2013/10,Vision,0.0,0.0,0.0,0.0,0.0,0.0,0.0,0.0,0.0,0.0,0.0,0.0,0.0,0.0,0.0,0.0,0.0,0.0,0.0,0.0,0.0
2013/10,Visionaire,0.0,1600000.0,0.0,0.0,1600000.0,0.0,0.0,0.0,0.0,0.0,0.0,1600000.0,0.0,0.0,0.0,0.0,0.0,0.0,0.0,1600000.0,0.0
2013/11,CryEngine,0.0,0.0,0.0,0.0,0.0,0.0,0.0,0.0,0.0,0.0,0.0,0.0,0.0,0.0,0.0,0.0,0.0,0.0,0.0,0.0,0.0
2013/11,Crystal Tools,0.0,0.0,0.0,0.0,0.0,0.0,1100000.0,0.0,0.0,0.0,0.0,0.0,0.0,0.0,0.0,0.0,0.0,0.0,0.0,0.0,0.0
2013/11,Decima,0.0,0.0,0.0,0.0,0.0,0.0,0.0,0.0,0.0,0.0,0.0,0.0,0.0,0.0,0.0,0.0,0.0,0.0,0.0,0.0,0.0
2013/11,Frostbite,0.0,0.0,0.0,0.0,0.0,0.0,0.0,0.0,0.0,0.0,0.0,0.0,0.0,0.0,0.0,0.0,0.0,0.0,0.0,0.0,0.0
2013/11,Game Maker Studio,0.0,0.0,0.0,0.0,283000.0,0.0,0.0,0.0,0.0,0.0,0.0,283000.0,283000.0,0.0,0.0,0.0,0.0,0.0,0.0,283000.0,0.0
2013/11,IW Engine,0.0,0.0,0.0,0.0,0.0,0.0,0.0,0.0,0.0,0.0,0.0,0.0,0.0,0.0,0.0,0.0,0.0,0.0,0.0,0.0,0.0
2013/11,Ignite Engine,0.0,0.0,0.0,0.0,0.0,0.0,0.0,0.0,0.0,0.0,0.0,0.0,0.0,0.0,0.0,0.0,0.0,0.0,0.0,0.0,0.0
2013/11,PhyreEngine,0.0,0.0,0.0,0.0,923000.0,0.0,923000.0,0.0,0.0,0.0,0.0,409000.0,0.0,0.0,0.0,0.0,0.0,0.0,0.0,409000.0,0.0
2013/11,Slayer,0.0,0.0,0.0,0.0,0.0,0.0,0.0,0.0,0.0,0.0,0.0,0.0,0.0,0.0,0.0,0.0,0.0,0.0,0.0,0.0,0.0
2013/11,Unity,0.0,0.0,0.0,0.0,1900000.0,1900000.0,1900000.0,0.0,0.0,0.0,0.0,1900000.0,1900000.0,1900000.0,0.0,0.0,0.0,0.0,0.0,0.0,0.0
2013/12,"""RenPy Visual Novel Engine""",0.0,0.0,0.0,0.0,0.0,517000.0,0.0,0.0,0.0,0.0,0.0,517000.0,0.0,0.0,517000.0,0.0,0.0,0.0,0.0,0.0,0.0
2013/12,GameMaker: Studio,0.0,0.0,0.0,0.0,0.0,0.0,0.0,0.0,0.0,0.0,0.0,894000.0,0.0,0.0,0.0,894000.0,0.0,0.0,894000.0,0.0,0.0
2013/12,Gamebryo,0.0,0.0,0.0,0.0,2500000.0,0.0,2500000.0,0.0,0.0,0.0,0.0,0.0,0.0,0.0,0.0,0.0,0.0,0.0,0.0,0.0,0.0
2013/12,HOPA Engine,0.0,1100000.0,0.0,0.0,1100000.0,0.0,0.0,0.0,0.0,0.0,0.0,1100000.0,0.0,0.0,0.0,0.0,0.0,0.0,0.0,1100000.0,0.0
2013/12,PhyreEngine,0.0,0.0,0.0,0.0,0.0,0.0,1900000.0,0.0,0.0,0.0,0.0,0.0,0.0,1900000.0,0.0,0.0,0.0,0.0,0.0,0.0,0.0
2013/12,Popcap Games Framework,0.0,0.0,0.0,0.0,0.0,0.0,0.0,0.0,0.0,0.0,0.0,0.0,0.0,0.0,0.0,0.0,0.0,0.0,0.0,0.0,0.0
2013/12,Unity,0.0,0.0,0.0,0.0,1387000.0,516000.0,1387000.0,0.0,0.0,0.0,0.0,1387000.0,0.0,516000.0,0.0,0.0,0.0,0.0,0.0,0.0,0.0
2014/01,Dagon Engine,0.0,2900000.0,0.0,0.0,2900000.0,0.0,0.0,0.0,0.0,0.0,0.0,2900000.0,0.0,0.0,0.0,0.0,0.0,0.0,0.0,0.0,0.0
2014/01,GameMaker: Studio,1900000.0,0.0,0.0,0.0,5500000.0,0.0,5500000.0,0.0,0.0,0.0,0.0,7400000.0,0.0,0.0,0.0,1900000.0,0.0,0.0,0.0,0.0,1900000.0
2014/01,Moai,0.0,2200000.0,0.0,0.0,2200000.0,0.0,0.0,0.0,0.0,0.0,0.0,2200000.0,0.0,0.0,0.0,0.0,0.0,0.0,0.0,2200000.0,0.0
2014/01,Source,0.0,0.0,0.0,0.0,1500000.0,0.0,1500000.0,0.0,0.0,0.0,0.0,1500000.0,0.0,0.0,0.0,0.0,0.0,0.0,1500000.0,0.0,0.0
2014/01,Unity,0.0,0.0,0.0,0.0,0.0,0.0,0.0,0.0,0.0,0.0,0.0,1900000.0,0.0,0.0,0.0,0.0,1900000.0,0.0,0.0,1900000.0,0.0
2014/02,Frostbite,0.0,0.0,0.0,0.0,0.0,0.0,0.0,0.0,0.0,0.0,0.0,0.0,0.0,0.0,0.0,0.0,0.0,0.0,0.0,0.0,0.0
2014/02,GameMaker: Studio,0.0,0.0,0.0,0.0,570000.0,0.0,0.0,0.0,0.0,0.0,0.0,570000.0,570000.0,0.0,0.0,570000.0,0.0,0.0,0.0,0.0,0.0
2014/02,Mercury Steam Engine,0.0,0.0,0.0,0.0,1100000.0,0.0,0.0,0.0,0.0,0.0,0.0,0.0,0.0,0.0,0.0,0.0,0.0,0.0,0.0,0.0,0.0
2014/02,Slayer,0.0,0.0,0.0,0.0,2500000.0,0.0,0.0,0.0,0.0,0.0,0.0,0.0,2500000.0,0.0,0.0,0.0,0.0,0.0,0.0,0.0,0.0
2014/02,Unity,0.0,0.0,428000.0,0.0,1528000.0,0.0,0.0,0.0,0.0,0.0,0.0,1528000.0,0.0,428000.0,0.0,0.0,0.0,428000.0,0.0,1100000.0,0.0
2014/02,Unreal Engine,0.0,0.0,0.0,0.0,4500000.0,0.0,0.0,0.0,0.0,0.0,0.0,0.0,0.0,0.0,0.0,0.0,0.0,0.0,4500000.0,0.0,0.0
2014/02,WOLF RPG Editor,0.0,0.0,0.0,0.0,0.0,0.0,1300000.0,0.0,0.0,0.0,0.0,1300000.0,0.0,0.0,0.0,0.0,0.0,0.0,0.0,0.0,0.0
2014/03,Game Maker Studio,0.0,0.0,0.0,0.0,0.0,0.0,0.0,0.0,0.0,0.0,0.0,0.0,0.0,0.0,0.0,0.0,0.0,0.0,0.0,0.0,0.0
2014/03,GameMaker: Studio,0.0,0.0,0.0,0.0,0.0,0.0,0.0,0.0,0.0,0.0,0.0,1800000.0,0.0,0.0,0.0,1800000.0,0.0,0.0,0.0,0.0,0.0
2014/03,In-house engine,0.0,0.0,0.0,0.0,365000.0,0.0,0.0,0.0,0.0,0.0,0.0,365000.0,365000.0,0.0,0.0,0.0,0.0,0.0,0.0,0.0,0.0
2014/03,Onyx Engine,0.0,0.0,0.0,0.0,6500000.0,0.0,6500000.0,0.0,0.0,0.0,0.0,0.0,0.0,6500000.0,0.0,0.0,0.0,0.0,0.0,0.0,0.0
2014/03,RPG Maker,0.0,0.0,0.0,0.0,313000.0,0.0,313000.0,0.0,0.0,0.0,0.0,313000.0,0.0,0.0,0.0,0.0,0.0,0.0,0.0,0.0,0.0
2014/03,S2 Engine HD,0.0,0.0,0.0,0.0,0.0,0.0,0.0,0.0,0.0,0.0,0.0,0.0,0.0,0.0,0.0,0.0,0.0,0.0,0.0,0.0,0.0
2014/03,Source,0.0,0.0,0.0,0.0,0.0,0.0,0.0,0.0,0.0,0.0,0.0,0.0,0.0,0.0,0.0,0.0,0.0,0.0,0.0,0.0,0.0
2014/03,Torque 3D,0.0,0.0,0.0,0.0,0.0,0.0,1400000.0,0.0,0.0,0.0,0.0,1400000.0,0.0,0.0,0.0,0.0,0.0,0.0,0.0,0.0,0.0
2014/03,Unity,1600000.0,0.0,0.0,0.0,0.0,0.0,0.0,1600000.0,0.0,0.0,0.0,0.0,0.0,0.0,0.0,1600000.0,0.0,0.0,0.0,0.0,0.0
2014/03,Unreal Engine,0.0,0.0,0.0,11500000.0,11500000.0,0.0,11500000.0,0.0,0.0,0.0,0.0,0.0,0.0,11500000.0,0.0,0.0,0.0,0.0,0.0,0.0,0.0
2014/03,WF Engine,0.0,0.0,0.0,0.0,1300000.0,0.0,0.0,0.0,0.0,0.0,0.0,1300000.0,0.0,0.0,0.0,0.0,0.0,0.0,1300000.0,0.0,0.0
2014/04,Adobe AIR,0.0,0.0,0.0,0.0,0.0,0.0,0.0,0.0,0.0,0.0,0.0,17900000.0,17900000.0,0.0,0.0,17900000.0,0.0,0.0,0.0,0.0,17900000.0
2014/04,UbiArt Framework,0.0,0.0,0.0,0.0,1600000.0,0.0,1600000.0,0.0,0.0,0.0,0.0,0.0,1600000.0,0.0,0.0,0.0,0.0,0.0,0.0,0.0,0.0
2014/04,Unity,0.0,0.0,0.0,0.0,0.0,0.0,0.0,0.0,0.0,0.0,0.0,0.0,0.0,1000000.0,0.0,0.0,0.0,1000000.0,0.0,1000000.0,0.0
2014/04,Unreal Engine,0.0,0.0,0.0,0.0,7400000.0,7400000.0,0.0,0.0,0.0,0.0,0.0,7400000.0,0.0,0.0,0.0,0.0,0.0,0.0,0.0,0.0,0.0
2014/05,Disrupt,0.0,0.0,0.0,0.0,0.0,0.0,0.0,0.0,0.0,0.0,0.0,0.0,0.0,0.0,0.0,0.0,0.0,0.0,0.0,0.0,0.0
2014/05,Microsoft XNA,0.0,0.0,0.0,0.0,8300000.0,0.0,8300000.0,0.0,0.0,0.0,0.0,0.0,0.0,8300000.0,0.0,0.0,0.0,0.0,0.0,0.0,0.0
2014/05,RPG Maker,0.0,0.0,0.0,0.0,1200000.0,1200000.0,1200000.0,0.0,0.0,0.0,0.0,1200000.0,0.0,0.0,0.0,0.0,0.0,0.0,0.0,0.0,0.0
2014/05,SigE,0.0,0.0,0.0,0.0,0.0,0.0,1500000.0,0.0,0.0,0.0,0.0,0.0,0.0,0.0,0.0,0.0,0.0,0.0,0.0,0.0,0.0
2014/05,Silk Engine,0.0,0.0,0.0,0.0,0.0,0.0,0.0,0.0,0.0,0.0,0.0,0.0,0.0,0.0,0.0,0.0,0.0,0.0,0.0,0.0,0.0
2014/05,Source,0.0,0.0,0.0,0.0,0.0,0.0,0.0,0.0,0.0,0.0,0.0,0.0,0.0,0.0,0.0,0.0,0.0,0.0,1800000.0,0.0,0.0
2014/05,Sparta 3D,0.0,0.0,0.0,0.0,587000.0,0.0,0.0,0.0,0.0,0.0,0.0,587000.0,587000.0,0.0,0.0,0.0,0.0,0.0,0.0,587000.0,0.0
2014/05,Unity,0.0,0.0,0.0,0.0,1214000.0,10400000.0,842000.0,0.0,0.0,0.0,0.0,11614000.0,1214000.0,6100000.0,0.0,0.0,0.0,0.0,4300000.0,5514000.0,0.0
2014/05,Unreal Engine,0.0,0.0,0.0,0.0,7200000.0,0.0,0.0,0.0,0.0,0.0,0.0,8900000.0,8900000.0,0.0,0.0,0.0,0.0,0.0,0.0,7200000.0,0.0
2014/05,Visionaire,0.0,1600000.0,0.0,0.0,1600000.0,0.0,0.0,0.0,0.0,0.0,0.0,1600000.0,0.0,0.0,0.0,0.0,0.0,0.0,0.0,0.0,0.0
2014/05,id Tech,0.0,0.0,0.0,0.0,9400000.0,0.0,0.0,0.0,0.0,0.0,0.0,0.0,0.0,0.0,0.0,0.0,0.0,0.0,9400000.0,0.0,0.0
2014/06,"""RenPy Visual Novel Engine""",0.0,0.0,0.0,0.0,1900000.0,0.0,0.0,0.0,0.0,0.0,0.0,1900000.0,0.0,0.0,1900000.0,0.0,0.0,0.0,0.0,0.0,0.0
2014/06,CryEngine,0.0,0.0,0.0,0.0,0.0,0.0,0.0,0.0,0.0,0.0,0.0,0.0,0.0,0.0,0.0,0.0,0.0,0.0,916000.0,0.0,0.0
2014/06,Ignite Engine,0.0,0.0,0.0,0.0,0.0,0.0,0.0,0.0,0.0,0.0,0.0,0.0,0.0,0.0,0.0,0.0,0.0,0.0,0.0,0.0,0.0
2014/06,RPG Maker,0.0,0.0,0.0,0.0,0.0,0.0,0.0,0.0,0.0,0.0,0.0,613000.0,0.0,0.0,0.0,0.0,0.0,0.0,0.0,0.0,0.0
2014/06,Source,0.0,0.0,0.0,0.0,1100000.0,0.0,0.0,0.0,0.0,0.0,0.0,1100000.0,0.0,0.0,0.0,0.0,0.0,0.0,0.0,0.0,0.0
2014/06,UbiArt Framework,0.0,0.0,0.0,0.0,0.0,0.0,0.0,0.0,0.0,0.0,0.0,0.0,0.0,0.0,0.0,0.0,0.0,0.0,0.0,0.0,0.0
2014/06,Unity,0.0,0.0,0.0,0.0,2400000.0,0.0,2400000.0,0.0,0.0,0.0,0.0,5800000.0,1100000.0,0.0,0.0,0.0,0.0,0.0,3400000.0,0.0,0.0
2014/06,Unreal Engine,0.0,0.0,0.0,0.0,3100000.0,0.0,3100000.0,0.0,0.0,0.0,0.0,0.0,0.0,0.0,0.0,0.0,0.0,0.0,0.0,3100000.0,0.0
2014/07,Adobe AIR,0.0,0.0,0.0,0.0,7200000.0,7200000.0,7200000.0,0.0,0.0,0.0,0.0,7200000.0,0.0,7200000.0,0.0,0.0,0.0,0.0,0.0,0.0,0.0
2014/07,Adventure Game Studio,0.0,473000.0,0.0,0.0,473000.0,0.0,473000.0,0.0,0.0,0.0,0.0,473000.0,0.0,0.0,0.0,0.0,0.0,0.0,0.0,473000.0,0.0
2014/07,LithTech,0.0,0.0,0.0,0.0,0.0,0.0,1400000.0,0.0,0.0,0.0,0.0,0.0,0.0,0.0,0.0,0.0,0.0,0.0,1400000.0,0.0,0.0
2014/07,Unity,0.0,779000.0,0.0,0.0,2947000.0,0.0,779000.0,0.0,0.0,0.0,0.0,4347000.0,1400000.0,268000.0,779000.0,268000.0,0.0,0.0,1400000.0,3568000.0,0.0
2014/08,CryEngine,0.0,0.0,0.0,0.0,0.0,0.0,1300000.0,0.0,0.0,0.0,0.0,1300000.0,0.0,0.0,0.0,0.0,0.0,0.0,1300000.0,0.0,0.0
2014/08,Genome,0.0,0.0,0.0,0.0,0.0,0.0,1500000.0,0.0,0.0,0.0,0.0,0.0,0.0,0.0,0.0,0.0,0.0,0.0,0.0,0.0,0.0
2014/08,Ignite Engine,0.0,0.0,0.0,0.0,0.0,0.0,0.0,0.0,0.0,0.0,0.0,0.0,0.0,0.0,0.0,0.0,0.0,0.0,0.0,0.0,0.0
2014/08,Unity,0.0,0.0,355000.0,0.0,0.0,0.0,0.0,0.0,0.0,0.0,0.0,0.0,0.0,355000.0,0.0,0.0,0.0,355000.0,0.0,0.0,0.0
2014/09,BitSquid,0.0,0.0,0.0,0.0,0.0,0.0,0.0,0.0,0.0,0.0,0.0,0.0,0.0,0.0,0.0,0.0,0.0,0.0,0.0,0.0,0.0
2014/09,Custom built engine,0.0,0.0,0.0,0.0,0.0,0.0,0.0,0.0,2400000.0,0.0,0.0,0.0,0.0,2400000.0,0.0,0.0,0.0,0.0,0.0,0.0,0.0
2014/09,Ignite Engine,0.0,0.0,0.0,0.0,0.0,0.0,0.0,0.0,0.0,0.0,0.0,0.0,0.0,0.0,0.0,0.0,0.0,0.0,0.0,0.0,0.0
2014/09,LithTech,0.0,0.0,0.0,0.0,0.0,0.0,0.0,0.0,0.0,0.0,0.0,0.0,0.0,0.0,0.0,0.0,0.0,0.0,0.0,0.0,0.0
2014/09,RPG Maker,0.0,0.0,0.0,0.0,0.0,0.0,2300000.0,0.0,0.0,0.0,0.0,2300000.0,0.0,0.0,0.0,0.0,0.0,0.0,0.0,0.0,0.0
2014/09,Source,0.0,0.0,0.0,0.0,0.0,0.0,0.0,0.0,0.0,0.0,0.0,3200000.0,0.0,0.0,0.0,0.0,0.0,0.0,3200000.0,0.0,0.0
2014/09,Tiger,0.0,0.0,0.0,0.0,0.0,0.0,0.0,0.0,0.0,0.0,0.0,0.0,0.0,0.0,0.0,0.0,0.0,0.0,0.0,0.0,0.0
2014/09,Torque 2D,0.0,0.0,0.0,0.0,0.0,0.0,336000.0,0.0,0.0,0.0,0.0,336000.0,0.0,336000.0,0.0,0.0,0.0,336000.0,0.0,0.0,0.0
2014/09,Unity,863000.0,0.0,2700000.0,0.0,3200000.0,3142000.0,8800000.0,910000.0,149000.0,0.0,0.0,11560000.0,0.0,12501000.0,0.0,468000.0,0.0,11500000.0,577000.0,852000.0,421000.0
2014/10,CATHODE,0.0,0.0,0.0,0.0,6000000.0,0.0,0.0,0.0,0.0,0.0,0.0,0.0,0.0,0.0,0.0,0.0,0.0,0.0,0.0,0.0,0.0
2014/10,FLEDGE Engine,0.0,0.0,0.0,0.0,0.0,0.0,0.0,0.0,0.0,0.0,0.0,0.0,0.0,0.0,0.0,0.0,0.0,0.0,0.0,0.0,0.0
2014/10,Firaxis LORE,0.0,0.0,0.0,0.0,0.0,2100000.0,0.0,0.0,0.0,0.0,0.0,0.0,0.0,2100000.0,0.0,0.0,0.0,2100000.0,0.0,0.0,0.0
2014/10,GameMaker,0.0,0.0,0.0,0.0,2200000.0,0.0,0.0,0.0,0.0,0.0,0.0,2200000.0,0.0,0.0,0.0,0.0,0.0,0.0,0.0,0.0,0.0
2014/10,LithTech,0.0,0.0,0.0,0.0,0.0,0.0,0.0,0.0,0.0,0.0,0.0,0.0,0.0,0.0,0.0,0.0,0.0,0.0,2600000.0,0.0,0.0
2014/10,Proprietary Engine,0.0,0.0,0.0,0.0,1100000.0,0.0,1100000.0,0.0,0.0,0.0,0.0,1100000.0,0.0,0.0,0.0,0.0,0.0,0.0,0.0,1100000.0,0.0
2014/10,Unity,0.0,0.0,0.0,0.0,7459000.0,755000.0,6100000.0,0.0,6441000.0,0.0,0.0,11600000.0,5686000.0,7855000.0,0.0,359000.0,0.0,0.0,3386000.0,2200000.0,0.0
2014/10,Unreal Engine,0.0,0.0,0.0,0.0,0.0,0.0,0.0,0.0,0.0,0.0,0.0,0.0,0.0,0.0,0.0,0.0,0.0,0.0,0.0,0.0,0.0
2014/10,id Tech,0.0,0.0,0.0,0.0,3400000.0,0.0,0.0,0.0,0.0,0.0,0.0,0.0,0.0,0.0,0.0,0.0,0.0,0.0,3400000.0,3400000.0,0.0
2014/11,"""RenPy Visual Novel Engine""",0.0,0.0,0.0,0.0,3100000.0,0.0,0.0,0.0,0.0,0.0,0.0,3100000.0,0.0,0.0,3100000.0,0.0,0.0,0.0,0.0,0.0,0.0
2014/11,AnvilNext,0.0,0.0,0.0,0.0,0.0,0.0,0.0,0.0,0.0,0.0,0.0,0.0,0.0,0.0,0.0,0.0,0.0,0.0,0.0,0.0,0.0
2014/11,Dunia Engine,0.0,0.0,0.0,0.0,5500000.0,0.0,0.0,0.0,0.0,0.0,5500000.0,0.0,0.0,0.0,0.0,0.0,0.0,0.0,5500000.0,0.0,0.0
2014/11,Frostbite 3,0.0,0.0,0.0,0.0,0.0,0.0,0.0,0.0,0.0,0.0,0.0,0.0,0.0,0.0,0.0,0.0,0.0,0.0,0.0,0.0,0.0
2014/11,Halo,0.0,0.0,0.0,0.0,0.0,0.0,0.0,0.0,0.0,0.0,0.0,0.0,0.0,0.0,0.0,0.0,0.0,0.0,0.0,0.0,0.0
2014/11,In-house engine,0.0,0.0,0.0,0.0,0.0,0.0,0.0,0.0,0.0,0.0,0.0,0.0,0.0,0.0,0.0,0.0,0.0,0.0,0.0,0.0,0.0
2014/11,RPG Maker,0.0,0.0,0.0,0.0,1800000.0,0.0,0.0,0.0,0.0,0.0,0.0,1800000.0,0.0,0.0,0.0,0.0,0.0,0.0,0.0,0.0,0.0
2014/11,Unity,0.0,0.0,0.0,0.0,2418000.0,0.0,518000.0,0.0,0.0,518000.0,0.0,2418000.0,1900000.0,0.0,0.0,518000.0,0.0,0.0,0.0,2418000.0,0.0
2014/12,Adobe Flash Player,0.0,0.0,0.0,0.0,0.0,0.0,3800000.0,0.0,0.0,0.0,0.0,3800000.0,0.0,3800000.0,0.0,0.0,0.0,0.0,0.0,0.0,0.0
2014/12,Babel engine,0.0,0.0,0.0,0.0,0.0,0.0,0.0,0.0,0.0,0.0,0.0,0.0,0.0,0.0,0.0,0.0,0.0,0.0,0.0,0.0,0.0
2014/12,Cobra Engine,0.0,0.0,0.0,0.0,6000000.0,6000000.0,6000000.0,0.0,0.0,0.0,0.0,0.0,0.0,6000000.0,0.0,0.0,0.0,0.0,6000000.0,0.0,0.0
2014/12,Flashpunk,0.0,0.0,0.0,0.0,804000.0,0.0,804000.0,0.0,0.0,0.0,0.0,804000.0,0.0,0.0,0.0,0.0,0.0,0.0,0.0,0.0,0.0
2014/12,KiriKiri,0.0,0.0,0.0,0.0,3200000.0,3200000.0,0.0,0.0,0.0,0.0,0.0,3200000.0,0.0,0.0,3200000.0,0.0,0.0,0.0,0.0,0.0,0.0
2014/12,Serious Engine 4,0.0,0.0,0.0,0.0,4068000.0,0.0,0.0,0.0,0.0,0.0,0.0,4068000.0,0.0,0.0,0.0,0.0,0.0,0.0,0.0,4068000.0,0.0
2014/12,Torque 3D,294000.0,0.0,0.0,0.0,0.0,0.0,0.0,0.0,0.0,0.0,0.0,294000.0,0.0,294000.0,0.0,0.0,0.0,0.0,0.0,0.0,0.0
2015/01,AppGameKit Classic (AGK),0.0,0.0,0.0,0.0,0.0,0.0,0.0,0.0,0.0,0.0,0.0,1000000.0,0.0,0.0,0.0,0.0,0.0,0.0,0.0,0.0,0.0
2015/01,Chrome Engine,0.0,0.0,0.0,0.0,0.0,0.0,0.0,0.0,0.0,0.0,0.0,0.0,0.0,0.0,0.0,0.0,0.0,0.0,0.0,0.0,0.0
2015/01,GlyphX,0.0,0.0,0.0,0.0,0.0,0.0,0.0,0.0,1300000.0,0.0,0.0,0.0,0.0,1300000.0,0.0,0.0,0.0,0.0,0.0,0.0,0.0
2015/01,RPG Maker,0.0,0.0,0.0,0.0,0.0,0.0,2300000.0,0.0,0.0,0.0,0.0,2300000.0,0.0,0.0,0.0,0.0,0.0,0.0,0.0,0.0,0.0
2015/01,Traktor,0.0,0.0,0.0,0.0,0.0,0.0,0.0,0.0,0.0,0.0,0.0,2800000.0,0.0,0.0,0.0,0.0,0.0,0.0,2800000.0,0.0,0.0
2015/01,Unity,0.0,0.0,0.0,0.0,1305000.0,0.0,1100000.0,0.0,0.0,0.0,0.0,1305000.0,0.0,1100000.0,0.0,0.0,0.0,1100000.0,0.0,205000.0,0.0
2015/01,Unreal Engine,0.0,0.0,0.0,0.0,1300000.0,0.0,1300000.0,0.0,0.0,0.0,0.0,1300000.0,0.0,0.0,0.0,0.0,0.0,0.0,1300000.0,0.0,0.0
2015/02,Coretech 3,0.0,0.0,0.0,0.0,910000.0,0.0,910000.0,0.0,0.0,0.0,0.0,910000.0,0.0,910000.0,0.0,0.0,0.0,0.0,0.0,0.0,0.0
2015/02,MT Framework,0.0,0.0,0.0,0.0,5200000.0,0.0,0.0,0.0,0.0,0.0,0.0,0.0,0.0,0.0,0.0,0.0,0.0,0.0,5200000.0,0.0,0.0
2015/02,RAD Engine 4.0,0.0,0.0,0.0,0.0,0.0,0.0,0.0,0.0,0.0,0.0,0.0,0.0,0.0,0.0,0.0,0.0,0.0,0.0,0.0,0.0,0.0
2015/02,Unity,1500000.0,0.0,0.0,0.0,1962000.0,362000.0,1600000.0,0.0,1600000.0,0.0,0.0,3462000.0,0.0,1600000.0,0.0,0.0,0.0,0.0,1500000.0,0.0,0.0
2015/02,Unreal Engine,0.0,0.0,0.0,0.0,0.0,0.0,0.0,0.0,0.0,0.0,0.0,1200000.0,0.0,0.0,0.0,0.0,0.0,0.0,1200000.0,0.0,0.0
2015/03,Asura engine,0.0,0.0,0.0,0.0,0.0,0.0,0.0,0.0,0.0,0.0,0.0,0.0,0.0,0.0,0.0,0.0,0.0,0.0,0.0,0.0,0.0
2015/03,Construct 2,0.0,0.0,0.0,0.0,1100000.0,0.0,0.0,0.0,0.0,0.0,0.0,1100000.0,1100000.0,0.0,0.0,0.0,0.0,0.0,0.0,1100000.0,0.0
2015/03,Frostbite,0.0,0.0,0.0,0.0,0.0,0.0,0.0,0.0,0.0,0.0,0.0,0.0,0.0,0.0,0.0,0.0,0.0,0.0,0.0,0.0,0.0
2015/03,GameMaker: Studio,0.0,0.0,0.0,0.0,0.0,0.0,0.0,0.0,0.0,0.0,0.0,6500000.0,0.0,0.0,0.0,0.0,0.0,0.0,6500000.0,0.0,0.0
2015/03,Microsoft XNA,0.0,0.0,0.0,0.0,715000.0,0.0,0.0,0.0,0.0,0.0,0.0,715000.0,715000.0,0.0,0.0,0.0,0.0,0.0,0.0,0.0,0.0
2015/03,PhyreEngine,557000.0,0.0,0.0,0.0,0.0,0.0,0.0,0.0,0.0,0.0,0.0,557000.0,557000.0,0.0,0.0,0.0,0.0,0.0,0.0,0.0,0.0
2015/03,Unity,0.0,0.0,0.0,0.0,12800000.0,1300000.0,0.0,0.0,0.0,0.0,0.0,1300000.0,11500000.0,0.0,0.0,0.0,0.0,0.0,0.0,11500000.0,0.0
2015/04,Adventure Game Studio,0.0,392000.0,0.0,0.0,392000.0,0.0,0.0,0.0,0.0,0.0,0.0,392000.0,0.0,0.0,0.0,0.0,0.0,0.0,0.0,0.0,0.0
2015/04,CryEngine,0.0,0.0,0.0,0.0,5000000.0,0.0,5000000.0,0.0,0.0,0.0,0.0,0.0,0.0,0.0,0.0,0.0,0.0,0.0,5000000.0,0.0,0.0
2015/04,Multimedia Fusion,0.0,0.0,0.0,0.0,249000.0,0.0,0.0,0.0,0.0,0.0,0.0,249000.0,249000.0,0.0,0.0,0.0,0.0,0.0,0.0,0.0,0.0
2015/04,OGRE,0.0,0.0,0.0,0.0,0.0,0.0,0.0,0.0,0.0,0.0,2400000.0,2400000.0,0.0,0.0,0.0,0.0,0.0,0.0,2400000.0,0.0,0.0
2015/04,Unity,0.0,0.0,0.0,0.0,2898000.0,4700000.0,1400000.0,698000.0,0.0,0.0,0.0,6257000.0,698000.0,8659000.0,0.0,0.0,0.0,1400000.0,7200000.0,800000.0,0.0
2015/04,Unreal Engine,0.0,0.0,0.0,0.0,0.0,0.0,0.0,0.0,0.0,0.0,0.0,0.0,0.0,0.0,0.0,0.0,0.0,0.0,0.0,0.0,5500000.0
2015/05,Adventure Game Studio,0.0,487000.0,0.0,0.0,487000.0,0.0,487000.0,0.0,0.0,0.0,0.0,487000.0,0.0,0.0,0.0,0.0,0.0,0.0,0.0,0.0,0.0
2015/05,Beelzebub,0.0,0.0,0.0,0.0,0.0,0.0,0.0,690000.0,0.0,0.0,0.0,0.0,0.0,0.0,0.0,0.0,0.0,0.0,0.0,0.0,0.0
2015/05,Construct 2,0.0,0.0,0.0,0.0,280000.0,0.0,0.0,280000.0,0.0,0.0,0.0,280000.0,0.0,0.0,0.0,280000.0,0.0,0.0,280000.0,0.0,0.0
2015/05,K2 Engine,0.0,0.0,0.0,1600000.0,0.0,0.0,1600000.0,0.0,1600000.0,0.0,0.0,0.0,0.0,1600000.0,0.0,0.0,0.0,0.0,0.0,0.0,0.0
2015/05,LithTech,0.0,0.0,0.0,0.0,0.0,0.0,0.0,0.0,0.0,0.0,0.0,0.0,0.0,0.0,0.0,0.0,0.0,0.0,0.0,0.0,0.0
2015/05,Moai,0.0,0.0,0.0,0.0,1400000.0,0.0,0.0,0.0,0.0,0.0,1400000.0,1400000.0,0.0,1400000.0,0.0,0.0,0.0,1400000.0,0.0,0.0,0.0
2015/05,REDengine,0.0,0.0,0.0,0.0,0.0,0.0,0.0,0.0,0.0,0.0,0.0,0.0,0.0,0.0,0.0,0.0,0.0,0.0,0.0,0.0,0.0
2015/05,RPG Maker,0.0,0.0,0.0,0.0,392000.0,0.0,865000.0,0.0,0.0,0.0,0.0,865000.0,0.0,0.0,392000.0,0.0,0.0,0.0,0.0,392000.0,0.0
2015/05,Stratagus,0.0,0.0,0.0,0.0,559000.0,0.0,0.0,0.0,559000.0,0.0,0.0,559000.0,0.0,559000.0,0.0,0.0,0.0,0.0,0.0,0.0,0.0
2015/05,Unity,753000.0,0.0,0.0,0.0,1262000.0,0.0,781000.0,753000.0,0.0,0.0,0.0,3436000.0,2015000.0,0.0,0.0,0.0,0.0,0.0,1700000.0,1085000.0,0.0
2015/06,Adobe AIR,0.0,0.0,0.0,0.0,0.0,2400000.0,0.0,0.0,2400000.0,0.0,0.0,0.0,0.0,2400000.0,0.0,0.0,0.0,0.0,0.0,0.0,0.0
2015/06,CryEngine,0.0,0.0,0.0,0.0,1000000.0,0.0,0.0,0.0,0.0,0.0,0.0,1000000.0,1000000.0,1000000.0,0.0,0.0,0.0,0.0,0.0,0.0,0.0
2015/06,Ego Engine,5100000.0,0.0,0.0,0.0,0.0,5100000.0,0.0,5100000.0,0.0,0.0,0.0,0.0,0.0,0.0,0.0,0.0,0.0,0.0,0.0,0.0,0.0
2015/06,GameMaker,0.0,0.0,0.0,0.0,510000.0,0.0,0.0,0.0,0.0,0.0,0.0,510000.0,510000.0,0.0,0.0,0.0,0.0,0.0,0.0,0.0,0.0
2015/06,GameMaker: Studio,0.0,0.0,0.0,0.0,0.0,0.0,0.0,0.0,0.0,0.0,588000.0,588000.0,588000.0,588000.0,0.0,588000.0,0.0,0.0,0.0,588000.0,0.0
2015/06,RPG Maker,0.0,0.0,0.0,0.0,0.0,0.0,1300000.0,0.0,0.0,0.0,0.0,1300000.0,0.0,0.0,0.0,0.0,0.0,0.0,0.0,0.0,0.0
2015/06,Unity,0.0,1600000.0,9800000.0,0.0,1634000.0,22763000.0,19900000.0,0.0,0.0,0.0,0.0,12867000.0,0.0,20538000.0,0.0,0.0,0.0,0.0,0.0,1033000.0,0.0
2015/06,Unreal Engine,0.0,0.0,0.0,0.0,4300000.0,0.0,1400000.0,0.0,0.0,0.0,0.0,6300000.0,0.0,0.0,0.0,0.0,0.0,0.0,2000000.0,0.0,0.0
2015/06,fps creator classic,0.0,0.0,0.0,0.0,0.0,0.0,0.0,0.0,0.0,0.0,0.0,722000.0,0.0,0.0,0.0,0.0,0.0,0.0,722000.0,0.0,0.0
2015/07,Adobe AIR,0.0,0.0,0.0,0.0,0.0,0.0,0.0,0.0,0.0,0.0,0.0,618000.0,618000.0,0.0,0.0,0.0,0.0,0.0,0.0,0.0,0.0
2015/07,Clickteam Fusion,0.0,0.0,0.0,0.0,659000.0,0.0,0.0,0.0,0.0,0.0,0.0,659000.0,659000.0,0.0,0.0,0.0,0.0,0.0,0.0,659000.0,0.0
2015/07,Unity,777000.0,1000000.0,0.0,0.0,1000000.0,5411999.0,535000.0,1890000.0,0.0,0.0,0.0,6454999.0,0.0,0.0,0.0,777000.0,0.0,0.0,0.0,5099999.0,0.0
2015/07,Unreal Engine,0.0,892000.0,0.0,0.0,1992000.0,0.0,1800000.0,0.0,0.0,0.0,0.0,4600000.0,0.0,0.0,0.0,0.0,0.0,0.0,1700000.0,892000.0,0.0
2015/08,Custom built engine,0.0,0.0,0.0,0.0,2200000.0,0.0,0.0,0.0,0.0,0.0,0.0,2200000.0,2200000.0,0.0,0.0,0.0,0.0,0.0,0.0,2200000.0,0.0
2015/08,Decima,0.0,0.0,0.0,0.0,0.0,0.0,0.0,0.0,0.0,0.0,0.0,0.0,0.0,0.0,0.0,0.0,0.0,0.0,0.0,0.0,0.0
2015/08,EDuke32,0.0,0.0,0.0,0.0,0.0,0.0,0.0,0.0,0.0,0.0,0.0,0.0,0.0,0.0,0.0,0.0,0.0,0.0,0.0,0.0,0.0
2015/08,FNA,0.0,0.0,0.0,0.0,0.0,6600000.0,0.0,0.0,0.0,0.0,0.0,6600000.0,0.0,0.0,0.0,0.0,0.0,0.0,0.0,6600000.0,0.0
2015/08,Game Maker Studio,0.0,0.0,0.0,0.0,0.0,0.0,0.0,0.0,0.0,0.0,2900000.0,2900000.0,0.0,0.0,0.0,2900000.0,0.0,0.0,2900000.0,0.0,0.0
2015/08,Heaps.io,0.0,0.0,1300000.0,0.0,1300000.0,0.0,1300000.0,0.0,0.0,0.0,0.0,1300000.0,1300000.0,1300000.0,0.0,0.0,1300000.0,1300000.0,0.0,0.0,1300000.0
2015/08,Ignite Engine,0.0,0.0,0.0,0.0,0.0,0.0,0.0,0.0,0.0,0.0,0.0,0.0,0.0,0.0,0.0,0.0,0.0,0.0,0.0,0.0,0.0
2015/08,KiriKiri,0.0,0.0,0.0,0.0,3200000.0,0.0,0.0,0.0,0.0,0.0,0.0,3200000.0,0.0,0.0,3200000.0,0.0,0.0,0.0,0.0,0.0,0.0
2015/08,Unity,976000.0,0.0,0.0,0.0,2393000.0,3700000.0,1700000.0,0.0,0.0,0.0,1700000.0,6093000.0,0.0,3700000.0,0.0,2000000.0,0.0,1700000.0,0.0,2693000.0,2000000.0
2015/08,Unreal Engine,0.0,0.0,0.0,0.0,846000.0,0.0,0.0,0.0,0.0,0.0,0.0,846000.0,846000.0,0.0,0.0,0.0,0.0,0.0,0.0,846000.0,0.0
2015/08,Visionaire,0.0,526000.0,0.0,0.0,526000.0,0.0,0.0,0.0,0.0,0.0,0.0,526000.0,0.0,0.0,0.0,0.0,0.0,0.0,0.0,526000.0,0.0
2015/09,"""RenPy Visual Novel Engine""",0.0,0.0,0.0,0.0,1701000.0,765000.0,765000.0,0.0,0.0,0.0,0.0,1701000.0,0.0,0.0,936000.0,0.0,0.0,0.0,0.0,0.0,0.0
2015/09,AbbeyCore,0.0,0.0,0.0,0.0,769000.0,0.0,769000.0,0.0,0.0,0.0,0.0,769000.0,0.0,769000.0,0.0,0.0,0.0,769000.0,0.0,0.0,0.0
2015/09,Avalanche engine,0.0,0.0,0.0,0.0,6900000.0,0.0,0.0,6900000.0,0.0,0.0,0.0,0.0,0.0,0.0,0.0,0.0,0.0,0.0,6900000.0,0.0,0.0
2015/09,Fox Engine,0.0,0.0,0.0,0.0,13300000.0,0.0,0.0,0.0,0.0,0.0,13300000.0,0.0,0.0,0.0,0.0,0.0,0.0,0.0,13300000.0,0.0,0.0
2015/09,GameMaker: Studio,0.0,0.0,0.0,0.0,14200000.0,0.0,14200000.0,0.0,0.0,0.0,0.0,14200000.0,0.0,0.0,0.0,0.0,0.0,14200000.0,0.0,14200000.0,0.0
2015/09,NightShade Engine,0.0,0.0,0.0,0.0,2300000.0,0.0,2300000.0,0.0,0.0,0.0,0.0,2300000.0,0.0,0.0,0.0,0.0,0.0,0.0,2300000.0,0.0,0.0
2015/09,Unity,0.0,1100000.0,0.0,0.0,2270000.0,878000.0,0.0,0.0,0.0,0.0,0.0,2751000.0,0.0,0.0,0.0,1359000.0,0.0,0.0,1359000.0,532000.0,0.0
2015/09,Unreal Engine,0.0,0.0,0.0,0.0,659000.0,0.0,0.0,0.0,0.0,0.0,0.0,659000.0,0.0,0.0,0.0,0.0,0.0,0.0,0.0,0.0,0.0
2015/10,"""RenPy Visual Novel Engine""",0.0,0.0,0.0,0.0,391000.0,0.0,0.0,0.0,0.0,0.0,0.0,391000.0,0.0,0.0,391000.0,0.0,0.0,0.0,0.0,0.0,0.0
2015/10,AnvilNext,0.0,0.0,0.0,0.0,0.0,0.0,0.0,0.0,0.0,0.0,0.0,0.0,0.0,0.0,0.0,0.0,0.0,0.0,0.0,0.0,0.0
2015/10,Autodesk Stingray,0.0,0.0,0.0,0.0,0.0,0.0,0.0,0.0,0.0,0.0,0.0,0.0,0.0,0.0,0.0,0.0,0.0,0.0,0.0,0.0,0.0
2015/10,CryEngine,0.0,0.0,0.0,0.0,744000.0,744000.0,0.0,744000.0,0.0,0.0,744000.0,0.0,0.0,744000.0,0.0,0.0,0.0,0.0,744000.0,0.0,0.0
2015/10,GameMaker: Studio,0.0,0.0,0.0,0.0,1300000.0,0.0,0.0,0.0,0.0,0.0,0.0,1300000.0,1300000.0,0.0,0.0,1300000.0,0.0,0.0,1300000.0,0.0,0.0
2015/10,OGRE,0.0,0.0,0.0,0.0,1400000.0,1400000.0,1400000.0,0.0,0.0,0.0,0.0,1400000.0,0.0,1400000.0,0.0,0.0,0.0,0.0,0.0,0.0,0.0
2015/10,Source,0.0,0.0,0.0,0.0,1700000.0,0.0,0.0,0.0,0.0,0.0,0.0,1700000.0,0.0,0.0,0.0,0.0,0.0,0.0,0.0,0.0,0.0
2015/10,Unity,0.0,0.0,0.0,0.0,0.0,2200000.0,606000.0,0.0,0.0,0.0,0.0,12978000.0,9900000.0,2200000.0,0.0,13003000.0,631000.0,0.0,10506000.0,3103000.0,0.0
2015/10,Unreal Engine,0.0,0.0,0.0,0.0,1600000.0,3100000.0,0.0,0.0,0.0,0.0,0.0,4700000.0,1600000.0,0.0,0.0,1600000.0,0.0,0.0,0.0,1600000.0,0.0
2015/10,WF Engine,0.0,0.0,0.0,0.0,0.0,0.0,0.0,0.0,0.0,0.0,0.0,0.0,0.0,0.0,0.0,0.0,0.0,0.0,0.0,0.0,0.0
2015/11,Creation Engine,0.0,0.0,0.0,0.0,0.0,0.0,0.0,0.0,0.0,0.0,0.0,0.0,0.0,0.0,0.0,0.0,0.0,0.0,0.0,0.0,0.0
2015/11,Foundation Engine,0.0,0.0,0.0,0.0,0.0,0.0,0.0,0.0,0.0,0.0,0.0,0.0,0.0,0.0,0.0,0.0,0.0,0.0,0.0,0.0,0.0
2015/11,Frostbite,0.0,0.0,0.0,0.0,0.0,0.0,0.0,0.0,0.0,0.0,0.0,0.0,0.0,0.0,0.0,0.0,0.0,0.0,0.0,0.0,0.0
2015/11,Frostbite 3,0.0,0.0,0.0,0.0,0.0,0.0,0.0,0.0,0.0,0.0,0.0,0.0,0.0,0.0,0.0,0.0,0.0,0.0,0.0,0.0,0.0
2015/11,IW Engine,0.0,0.0,0.0,0.0,0.0,0.0,0.0,0.0,0.0,0.0,0.0,0.0,0.0,0.0,0.0,0.0,0.0,0.0,0.0,0.0,0.0
2015/11,Torque Game Engine,0.0,0.0,0.0,0.0,1300000.0,1300000.0,1300000.0,0.0,0.0,0.0,0.0,1300000.0,0.0,0.0,0.0,0.0,0.0,0.0,0.0,0.0,0.0
2015/11,Unity,0.0,0.0,0.0,0.0,4640000.0,3000000.0,1640000.0,0.0,0.0,0.0,1000000.0,9608000.0,4340000.0,1000000.0,3000000.0,3700000.0,0.0,1000000.0,0.0,0.0,0.0
2015/11,Unreal Engine,0.0,0.0,0.0,0.0,604000.0,0.0,0.0,0.0,0.0,0.0,0.0,1341000.0,0.0,0.0,0.0,0.0,0.0,0.0,0.0,604000.0,0.0
2015/12,AnvilNext,0.0,0.0,0.0,0.0,0.0,0.0,0.0,0.0,0.0,0.0,54100000.0,0.0,0.0,0.0,0.0,0.0,0.0,0.0,54100000.0,0.0,0.0
2015/12,GameMaker: Studio,0.0,0.0,0.0,0.0,2000000.0,0.0,2000000.0,0.0,0.0,0.0,0.0,2000000.0,0.0,0.0,0.0,2000000.0,0.0,0.0,2000000.0,0.0,0.0
2015/12,Unity,0.0,0.0,0.0,0.0,1200000.0,0.0,0.0,0.0,0.0,0.0,0.0,1200000.0,0.0,0.0,0.0,0.0,0.0,0.0,0.0,0.0,0.0
2015/12,Unreal Engine,1300000.0,0.0,0.0,0.0,379000.0,1679000.0,0.0,0.0,0.0,0.0,0.0,2879000.0,0.0,379000.0,0.0,1300000.0,0.0,0.0,2500000.0,379000.0,0.0
2016/01,Clickteam Fusion,0.0,0.0,0.0,0.0,1500000.0,1100000.0,1500000.0,0.0,0.0,0.0,0.0,1100000.0,0.0,2600000.0,0.0,0.0,0.0,0.0,0.0,0.0,0.0
2016/01,Game Maker Studio,0.0,0.0,0.0,0.0,0.0,0.0,0.0,0.0,0.0,0.0,0.0,103000.0,0.0,0.0,0.0,103000.0,103000.0,0.0,0.0,0.0,0.0
2016/01,Unity,10900000.0,0.0,0.0,0.0,4423000.0,13100000.0,4600000.0,423000.0,1200000.0,0.0,0.0,15323000.0,0.0,12100000.0,0.0,0.0,0.0,0.0,0.0,2200000.0,2800000.0
2016/01,Unreal Engine,0.0,0.0,0.0,0.0,529000.0,0.0,0.0,0.0,0.0,0.0,0.0,529000.0,0.0,0.0,0.0,0.0,0.0,0.0,529000.0,0.0,0.0
2016/02,Dunia Engine,0.0,0.0,0.0,0.0,2700000.0,0.0,0.0,0.0,0.0,0.0,0.0,0.0,0.0,0.0,0.0,0.0,0.0,0.0,2700000.0,0.0,0.0
2016/02,KiriKiri,0.0,0.0,0.0,0.0,2300000.0,2300000.0,0.0,0.0,0.0,0.0,0.0,2300000.0,0.0,0.0,2300000.0,0.0,0.0,0.0,0.0,0.0,0.0
2016/02,PhyreEngine,0.0,0.0,0.0,0.0,0.0,0.0,0.0,0.0,0.0,0.0,0.0,0.0,0.0,0.0,0.0,0.0,0.0,0.0,0.0,0.0,0.0
2016/02,Unity,0.0,954000.0,0.0,0.0,2390000.0,0.0,0.0,1300000.0,0.0,0.0,0.0,2736000.0,0.0,0.0,0.0,0.0,0.0,0.0,0.0,1562000.0,0.0
2016/02,Unity3D,0.0,0.0,0.0,0.0,0.0,0.0,0.0,0.0,0.0,0.0,0.0,1200000.0,0.0,0.0,0.0,0.0,0.0,0.0,0.0,0.0,0.0
2016/02,Unreal Engine,0.0,0.0,0.0,0.0,0.0,2700000.0,0.0,0.0,0.0,0.0,0.0,2700000.0,0.0,2700000.0,0.0,3500000.0,0.0,0.0,2700000.0,0.0,3500000.0
2016/02,WOLF RPG Editor,0.0,0.0,0.0,0.0,983000.0,0.0,983000.0,0.0,0.0,0.0,0.0,983000.0,0.0,0.0,0.0,0.0,0.0,0.0,0.0,983000.0,0.0
2016/03,ASKA,0.0,0.0,0.0,0.0,0.0,0.0,0.0,0.0,0.0,0.0,0.0,0.0,0.0,0.0,0.0,0.0,0.0,0.0,0.0,0.0,0.0
2016/03,Adobe AIR,0.0,943000.0,439000.0,0.0,943000.0,0.0,0.0,0.0,0.0,0.0,0.0,943000.0,0.0,439000.0,0.0,0.0,0.0,0.0,0.0,943000.0,0.0
2016/03,GameMaker: Studio,0.0,0.0,0.0,0.0,2000000.0,0.0,2000000.0,0.0,0.0,0.0,0.0,2694000.0,0.0,0.0,0.0,0.0,0.0,0.0,2694000.0,0.0,0.0
2016/03,Glacier,0.0,0.0,0.0,0.0,6300000.0,0.0,0.0,0.0,0.0,0.0,6300000.0,0.0,0.0,0.0,0.0,0.0,0.0,0.0,6300000.0,0.0,0.0
2016/03,RPG Maker,0.0,0.0,0.0,0.0,182000.0,0.0,182000.0,0.0,0.0,0.0,0.0,182000.0,0.0,0.0,0.0,0.0,0.0,0.0,0.0,0.0,0.0
2016/03,Snowdrop,0.0,0.0,0.0,0.0,6000000.0,0.0,6000000.0,0.0,0.0,0.0,6000000.0,0.0,0.0,6000000.0,0.0,0.0,0.0,0.0,6000000.0,0.0,0.0
2016/03,Unity,0.0,0.0,0.0,0.0,7343000.0,0.0,0.0,0.0,0.0,0.0,0.0,6900000.0,4400000.0,0.0,443000.0,4400000.0,0.0,0.0,4400000.0,0.0,0.0
2016/03,Unreal Engine,0.0,0.0,0.0,0.0,542000.0,0.0,0.0,0.0,0.0,0.0,0.0,542000.0,0.0,0.0,0.0,0.0,0.0,0.0,0.0,542000.0,0.0
2016/03,Visionaire,0.0,1400000.0,0.0,0.0,1400000.0,0.0,0.0,0.0,0.0,0.0,0.0,1400000.0,0.0,0.0,0.0,0.0,0.0,0.0,0.0,1400000.0,0.0
2016/04,Unity,0.0,0.0,0.0,0.0,6467000.0,0.0,277000.0,0.0,140000.0,0.0,0.0,7072000.0,0.0,140000.0,0.0,6100000.0,0.0,0.0,6190000.0,0.0,0.0
2016/05,Adventure Game Studio,0.0,2200000.0,0.0,0.0,2200000.0,0.0,0.0,0.0,0.0,0.0,0.0,2200000.0,0.0,0.0,0.0,0.0,0.0,0.0,0.0,2200000.0,0.0
2016/05,Unity,0.0,0.0,0.0,0.0,2373000.0,0.0,0.0,1400000.0,0.0,0.0,0.0,5073000.0,2373000.0,0.0,0.0,3373000.0,0.0,0.0,0.0,1700000.0,0.0
2016/05,Unreal Engine,0.0,0.0,0.0,0.0,626000.0,0.0,1500000.0,0.0,1500000.0,0.0,0.0,0.0,0.0,1500000.0,0.0,0.0,0.0,0.0,1500000.0,626000.0,0.0
2016/05,id Tech,0.0,0.0,0.0,0.0,0.0,0.0,0.0,0.0,0.0,0.0,0.0,0.0,0.0,0.0,0.0,0.0,0.0,0.0,12600000.0,12600000.0,0.0
2016/06,"""RenPy Visual Novel Engine""",0.0,0.0,0.0,0.0,1369000.0,0.0,694000.0,0.0,0.0,0.0,0.0,1369000.0,0.0,0.0,675000.0,0.0,0.0,0.0,0.0,0.0,0.0
2016/06,Clausewitz Engine,0.0,0.0,0.0,0.0,0.0,11400000.0,0.0,0.0,11400000.0,0.0,0.0,0.0,0.0,11400000.0,0.0,0.0,0.0,0.0,0.0,0.0,0.0
2016/06,Game Maker,0.0,0.0,0.0,0.0,2500000.0,2500000.0,0.0,0.0,0.0,0.0,0.0,2500000.0,0.0,0.0,2500000.0,0.0,0.0,0.0,0.0,0.0,0.0
2016/06,GameMaker: Studio,0.0,0.0,0.0,0.0,0.0,2000000.0,0.0,0.0,0.0,0.0,0.0,2000000.0,0.0,2000000.0,0.0,0.0,0.0,0.0,0.0,0.0,0.0
2016/06,Silk Engine,0.0,0.0,0.0,0.0,604000.0,0.0,604000.0,0.0,0.0,0.0,0.0,0.0,0.0,0.0,0.0,0.0,0.0,0.0,0.0,0.0,0.0
2016/06,Source,0.0,0.0,0.0,0.0,0.0,0.0,0.0,0.0,0.0,0.0,0.0,1700000.0,0.0,0.0,0.0,0.0,0.0,0.0,1700000.0,0.0,0.0
2016/06,Unity,3000000.0,0.0,0.0,0.0,3000000.0,3000000.0,3670000.0,0.0,0.0,0.0,0.0,670000.0,3000000.0,3995000.0,0.0,3000000.0,3000000.0,0.0,4665000.0,0.0,3000000.0
2016/06,Unreal Engine,604000.0,0.0,0.0,0.0,963000.0,352000.0,0.0,0.0,0.0,0.0,0.0,956000.0,611000.0,27300000.0,0.0,1215000.0,0.0,0.0,611000.0,63000.0,0.0
2016/07,Gamebryo,0.0,0.0,0.0,0.0,0.0,0.0,0.0,0.0,0.0,0.0,0.0,0.0,0.0,0.0,0.0,0.0,0.0,0.0,4800000.0,0.0,0.0
2016/07,RPG Maker,0.0,0.0,0.0,0.0,0.0,0.0,502000.0,0.0,0.0,0.0,0.0,502000.0,0.0,0.0,0.0,0.0,0.0,0.0,0.0,0.0,0.0
2016/07,Source,0.0,0.0,0.0,0.0,1700000.0,0.0,0.0,0.0,0.0,0.0,0.0,1700000.0,0.0,0.0,0.0,0.0,0.0,0.0,1700000.0,0.0,0.0
2016/07,Unity,0.0,0.0,0.0,0.0,15194000.0,18489000.0,0.0,884000.0,0.0,0.0,0.0,19373000.0,15484000.0,0.0,0.0,884000.0,0.0,0.0,884000.0,18894000.0,0.0
2016/07,Unreal Engine,0.0,0.0,0.0,0.0,0.0,0.0,0.0,0.0,0.0,0.0,0.0,596000.0,0.0,596000.0,0.0,0.0,0.0,0.0,596000.0,0.0,0.0
2016/07,renpy,0.0,0.0,0.0,0.0,484000.0,0.0,0.0,0.0,0.0,0.0,0.0,484000.0,0.0,0.0,0.0,0.0,0.0,0.0,0.0,0.0,0.0
2016/08,Custom built engine,0.0,0.0,0.0,0.0,14700000.0,14700000.0,14700000.0,0.0,0.0,0.0,0.0,14700000.0,0.0,0.0,0.0,0.0,0.0,0.0,0.0,0.0,0.0
2016/08,Dawn Engine,0.0,0.0,0.0,0.0,5200000.0,0.0,5200000.0,0.0,0.0,0.0,0.0,0.0,0.0,0.0,0.0,0.0,0.0,0.0,5200000.0,5200000.0,0.0
2016/08,GameMaker: Studio,0.0,0.0,0.0,0.0,65000.0,0.0,65000.0,0.0,0.0,0.0,0.0,65000.0,0.0,65000.0,0.0,0.0,0.0,0.0,0.0,0.0,0.0
2016/08,Ignite Engine,0.0,0.0,0.0,0.0,0.0,0.0,0.0,0.0,0.0,0.0,0.0,0.0,0.0,0.0,0.0,0.0,0.0,0.0,0.0,0.0,0.0
2016/08,Telltale Tool,0.0,0.0,0.0,0.0,0.0,0.0,0.0,0.0,0.0,0.0,0.0,0.0,0.0,0.0,0.0,0.0,0.0,0.0,0.0,0.0,0.0
2016/08,Unity,0.0,0.0,0.0,0.0,7265000.0,667000.0,1242000.0,0.0,242000.0,0.0,0.0,9465000.0,4798000.0,510000.0,0.0,2200000.0,0.0,0.0,0.0,8223000.0,0.0
2016/08,Unreal Engine,0.0,0.0,0.0,0.0,777000.0,777000.0,0.0,777000.0,0.0,0.0,0.0,777000.0,777000.0,0.0,0.0,777000.0,0.0,0.0,0.0,777000.0,0.0
2016/09,Custom built engine,0.0,0.0,602000.0,0.0,602000.0,602000.0,602000.0,0.0,602000.0,0.0,0.0,602000.0,0.0,602000.0,0.0,0.0,0.0,0.0,0.0,0.0,0.0
2016/09,GameMaker: Studio,0.0,0.0,0.0,0.0,0.0,0.0,0.0,0.0,0.0,0.0,0.0,454000.0,0.0,0.0,0.0,454000.0,0.0,0.0,454000.0,0.0,0.0
2016/09,Gamebryo,0.0,0.0,0.0,0.0,0.0,0.0,0.0,0.0,0.0,0.0,0.0,0.0,0.0,0.0,0.0,0.0,0.0,0.0,0.0,0.0,0.0
2016/09,Multimedia Fusion,0.0,0.0,0.0,0.0,0.0,0.0,0.0,0.0,0.0,0.0,0.0,595000.0,0.0,0.0,0.0,0.0,0.0,0.0,0.0,0.0,0.0
2016/09,Proprietary Engine,0.0,0.0,0.0,0.0,0.0,0.0,0.0,0.0,0.0,0.0,0.0,0.0,0.0,0.0,0.0,0.0,0.0,0.0,0.0,0.0,0.0
2016/09,Raycast Game Maker,0.0,0.0,0.0,0.0,0.0,0.0,0.0,0.0,0.0,0.0,0.0,443000.0,0.0,0.0,0.0,0.0,0.0,0.0,443000.0,0.0,0.0
2016/09,Retox,0.0,0.0,0.0,0.0,0.0,0.0,0.0,0.0,0.0,0.0,14400000.0,14400000.0,0.0,14400000.0,0.0,0.0,0.0,0.0,14400000.0,0.0,0.0
2016/09,Unity,0.0,0.0,0.0,0.0,2473000.0,1265000.0,884000.0,0.0,0.0,0.0,0.0,4551000.0,2397000.0,607000.0,0.0,0.0,0.0,0.0,0.0,690000.0,0.0
2016/09,Unreal Engine,0.0,0.0,0.0,8700000.0,9212000.0,0.0,0.0,0.0,102000.0,0.0,0.0,12014000.0,512000.0,8802000.0,0.0,0.0,0.0,0.0,11502000.0,0.0,0.0
2016/10,Decima,0.0,0.0,0.0,0.0,0.0,0.0,0.0,0.0,0.0,0.0,0.0,0.0,0.0,0.0,0.0,0.0,0.0,0.0,0.0,0.0,0.0
2016/10,Frostbite,0.0,0.0,0.0,0.0,0.0,0.0,0.0,0.0,0.0,0.0,0.0,0.0,0.0,0.0,0.0,0.0,0.0,0.0,0.0,0.0,0.0
2016/10,Orochi,0.0,0.0,0.0,0.0,0.0,0.0,0.0,0.0,0.0,0.0,0.0,0.0,0.0,0.0,0.0,0.0,0.0,0.0,0.0,0.0,0.0
2016/10,Proprietary Engine,0.0,0.0,0.0,0.0,588000.0,0.0,0.0,0.0,0.0,0.0,0.0,588000.0,0.0,0.0,0.0,588000.0,588000.0,0.0,0.0,0.0,0.0
2016/10,Road Hog Engine,0.0,0.0,0.0,0.0,3600000.0,0.0,3600000.0,0.0,0.0,0.0,0.0,0.0,0.0,0.0,0.0,0.0,0.0,0.0,3600000.0,3600000.0,0.0
2016/10,Source,0.0,0.0,0.0,0.0,0.0,0.0,0.0,0.0,0.0,0.0,0.0,0.0,0.0,0.0,0.0,0.0,0.0,0.0,0.0,0.0,0.0
2016/10,Unity,0.0,0.0,0.0,0.0,0.0,967000.0,0.0,0.0,0.0,0.0,0.0,4000000.0,809000.0,1252000.0,1600000.0,2400000.0,0.0,0.0,1433000.0,0.0,0.0
2016/10,Unreal Engine,0.0,0.0,0.0,0.0,322000.0,0.0,0.0,0.0,0.0,0.0,0.0,0.0,0.0,0.0,0.0,0.0,0.0,0.0,0.0,322000.0,0.0
2016/11,Disrupt,0.0,0.0,0.0,0.0,0.0,0.0,0.0,0.0,0.0,0.0,0.0,0.0,0.0,0.0,0.0,0.0,0.0,0.0,0.0,0.0,0.0
2016/11,IW Engine,0.0,0.0,0.0,0.0,0.0,0.0,0.0,0.0,0.0,0.0,0.0,0.0,0.0,0.0,0.0,0.0,0.0,0.0,0.0,0.0,0.0
2016/11,Luminous Studio,0.0,0.0,0.0,0.0,0.0,0.0,0.0,0.0,0.0,0.0,0.0,0.0,0.0,0.0,0.0,0.0,0.0,0.0,0.0,0.0,0.0
2016/11,LVE,0.0,0.0,0.0,0.0,0.0,446000.0,0.0,0.0,0.0,0.0,0.0,446000.0,0.0,0.0,0.0,0.0,0.0,0.0,0.0,0.0,0.0
2016/11,Unity,0.0,0.0,0.0,0.0,6400000.0,6400000.0,6400000.0,0.0,0.0,0.0,0.0,6400000.0,0.0,6400000.0,0.0,0.0,0.0,1100000.0,0.0,0.0,0.0
2016/11,Unreal,0.0,0.0,0.0,0.0,259000.0,0.0,0.0,0.0,0.0,0.0,0.0,0.0,0.0,0.0,0.0,0.0,0.0,0.0,0.0,0.0,0.0
2016/11,Void Engine,0.0,0.0,0.0,0.0,0.0,0.0,0.0,0.0,0.0,0.0,0.0,0.0,0.0,0.0,0.0,0.0,0.0,0.0,0.0,0.0,0.0
2016/12,"""RenPy Visual Novel Engine""",0.0,0.0,0.0,0.0,0.0,0.0,0.0,0.0,0.0,0.0,0.0,0.0,0.0,0.0,296000.0,0.0,0.0,0.0,0.0,0.0,0.0
2016/12,AnvilNext,0.0,0.0,0.0,0.0,0.0,0.0,0.0,0.0,0.0,0.0,0.0,0.0,0.0,0.0,0.0,0.0,0.0,0.0,0.0,0.0,0.0
2016/12,Forge,0.0,0.0,0.0,0.0,1800000.0,0.0,0.0,0.0,0.0,0.0,0.0,0.0,0.0,0.0,0.0,0.0,0.0,0.0,1800000.0,0.0,0.0
2016/12,GameMaker: Studio,0.0,0.0,0.0,0.0,650000.0,0.0,650000.0,0.0,0.0,0.0,0.0,650000.0,0.0,0.0,0.0,0.0,0.0,0.0,0.0,0.0,0.0
2016/12,Telltale Tool,0.0,0.0,0.0,0.0,0.0,0.0,0.0,0.0,0.0,0.0,0.0,0.0,0.0,0.0,0.0,0.0,0.0,0.0,0.0,0.0,0.0
2016/12,Unity,0.0,462000.0,0.0,0.0,770000.0,0.0,462000.0,0.0,0.0,0.0,0.0,770000.0,0.0,0.0,0.0,0.0,0.0,0.0,0.0,462000.0,0.0
2017/01,RE Engine,0.0,0.0,0.0,0.0,8400000.0,0.0,0.0,0.0,0.0,0.0,0.0,0.0,0.0,0.0,0.0,0.0,0.0,0.0,8400000.0,8400000.0,0.0
2017/01,Unity,0.0,0.0,0.0,0.0,436000.0,0.0,0.0,0.0,0.0,0.0,0.0,436000.0,436000.0,0.0,0.0,436000.0,0.0,0.0,436000.0,436000.0,0.0
2017/02,Decima,0.0,0.0,0.0,0.0,0.0,0.0,0.0,0.0,0.0,0.0,0.0,0.0,0.0,0.0,0.0,0.0,0.0,0.0,0.0,0.0,0.0
2017/02,Unity,0.0,0.0,0.0,0.0,31100000.0,20800000.0,1300000.0,0.0,0.0,0.0,0.0,23045000.0,16300000.0,6200000.0,0.0,1645000.0,0.0,0.0,6545000.0,1300000.0,0.0
2017/02,Unreal Engine,0.0,0.0,0.0,0.0,227000.0,0.0,703000.0,0.0,0.0,0.0,0.0,0.0,0.0,0.0,0.0,0.0,0.0,0.0,0.0,0.0,0.0
2017/03,AnvilNext,0.0,0.0,0.0,0.0,5800000.0,0.0,0.0,0.0,0.0,0.0,5800000.0,0.0,0.0,0.0,0.0,0.0,0.0,0.0,5800000.0,0.0,0.0
2017/03,Frostbite 3,0.0,0.0,0.0,0.0,0.0,0.0,0.0,0.0,0.0,0.0,0.0,0.0,0.0,0.0,0.0,0.0,0.0,0.0,0.0,0.0,0.0
2017/03,Source,0.0,0.0,0.0,0.0,0.0,0.0,0.0,0.0,0.0,0.0,2000000.0,2000000.0,0.0,2000000.0,0.0,0.0,0.0,0.0,2000000.0,0.0,0.0
2017/03,Unity,0.0,1500000.0,2200000.0,0.0,3800000.0,1500000.0,2300000.0,0.0,0.0,0.0,0.0,3800000.0,2300000.0,2200000.0,0.0,0.0,0.0,2200000.0,0.0,1500000.0,0.0
2017/03,Unreal Engine,0.0,0.0,0.0,0.0,2800000.0,2800000.0,0.0,0.0,2500000.0,0.0,2500000.0,5300000.0,2800000.0,2500000.0,0.0,2800000.0,0.0,0.0,0.0,2800000.0,0.0
2017/04,Allegro,0.0,0.0,0.0,0.0,0.0,1100000.0,0.0,0.0,0.0,0.0,0.0,1100000.0,0.0,1100000.0,0.0,0.0,0.0,0.0,0.0,0.0,0.0
2017/04,CryEngine,0.0,0.0,0.0,0.0,0.0,0.0,0.0,0.0,0.0,0.0,0.0,0.0,0.0,0.0,0.0,0.0,0.0,0.0,0.0,0.0,0.0
2017/04,Microsoft XNA,0.0,0.0,0.0,0.0,272000.0,0.0,0.0,0.0,0.0,0.0,0.0,272000.0,272000.0,0.0,0.0,272000.0,0.0,0.0,272000.0,0.0,0.0
2017/04,Unity,0.0,0.0,0.0,0.0,1132000.0,0.0,1400000.0,0.0,0.0,0.0,0.0,2532000.0,672000.0,0.0,0.0,2072000.0,0.0,0.0,460000.0,0.0,0.0
2017/04,Unreal Engine,0.0,0.0,0.0,0.0,14998000.0,0.0,0.0,0.0,0.0,0.0,0.0,14998000.0,14800000.0,14800000.0,0.0,0.0,0.0,0.0,0.0,14800000.0,0.0
2017/05,CryEngine,0.0,0.0,0.0,0.0,4700000.0,0.0,4700000.0,0.0,0.0,0.0,0.0,0.0,0.0,0.0,0.0,0.0,0.0,0.0,4700000.0,4700000.0,0.0
2017/05,Proprietary Engine,0.0,0.0,0.0,0.0,2100000.0,0.0,2100000.0,0.0,0.0,0.0,0.0,0.0,0.0,0.0,0.0,0.0,0.0,0.0,0.0,0.0,0.0
2017/05,RPG Maker,0.0,0.0,0.0,0.0,808000.0,0.0,808000.0,0.0,0.0,0.0,0.0,808000.0,0.0,0.0,0.0,0.0,0.0,0.0,0.0,0.0,0.0
2017/05,Unity,0.0,0.0,0.0,0.0,362000.0,362000.0,0.0,0.0,0.0,0.0,0.0,362000.0,0.0,3000000.0,0.0,362000.0,0.0,3000000.0,0.0,0.0,362000.0
2017/05,Unreal Engine,0.0,0.0,0.0,0.0,621000.0,450000.0,450000.0,0.0,0.0,0.0,0.0,621000.0,0.0,18450000.0,0.0,0.0,0.0,0.0,18000000.0,0.0,0.0
2017/05,Whale 2,0.0,0.0,0.0,0.0,0.0,136000.0,136000.0,0.0,136000.0,0.0,136000.0,136000.0,0.0,136000.0,0.0,0.0,0.0,0.0,0.0,0.0,0.0
2017/06,Unity,0.0,0.0,0.0,0.0,946000.0,946000.0,0.0,0.0,0.0,0.0,0.0,946000.0,0.0,0.0,0.0,0.0,0.0,0.0,0.0,0.0,0.0
2017/06,Unreal Engine,0.0,0.0,0.0,0.0,374000.0,0.0,0.0,0.0,2000000.0,0.0,0.0,374000.0,0.0,2000000.0,0.0,0.0,0.0,0.0,0.0,374000.0,0.0
2017/07,Unity,0.0,0.0,0.0,0.0,25400000.0,0.0,0.0,0.0,0.0,0.0,0.0,25400000.0,0.0,0.0,0.0,0.0,0.0,0.0,25400000.0,0.0,0.0
2017/07,Unreal Engine,0.0,0.0,0.0,0.0,0.0,0.0,0.0,0.0,0.0,0.0,0.0,0.0,0.0,0.0,0.0,0.0,0.0,0.0,11000000.0,0.0,0.0
2017/08,Torque 3D,0.0,0.0,0.0,0.0,1300000.0,1300000.0,1300000.0,0.0,0.0,0.0,0.0,0.0,0.0,0.0,0.0,0.0,0.0,0.0,0.0,0.0,0.0
2017/08,Unity,0.0,0.0,0.0,0.0,8900000.0,17600000.0,13700000.0,0.0,0.0,0.0,0.0,20100000.0,0.0,6400000.0,0.0,0.0,0.0,0.0,17600000.0,1300000.0,0.0
2017/08,Unreal Engine,0.0,0.0,0.0,0.0,38600000.0,39800000.0,32700000.0,1200000.0,0.0,0.0,0.0,39800000.0,0.0,1200000.0,0.0,0.0,0.0,0.0,32700000.0,0.0,0.0
2017/09,CryEngine,0.0,0.0,0.0,0.0,261000.0,0.0,0.0,0.0,0.0,0.0,0.0,261000.0,0.0,0.0,0.0,0.0,0.0,0.0,0.0,0.0,0.0
2017/09,TW Engine 3,0.0,0.0,0.0,0.0,0.0,0.0,0.0,0.0,4800000.0,0.0,0.0,0.0,0.0,4800000.0,0.0,0.0,0.0,0.0,0.0,0.0,0.0
2017/09,Tiger,0.0,0.0,0.0,0.0,0.0,0.0,0.0,0.0,0.0,0.0,0.0,0.0,0.0,0.0,0.0,0.0,0.0,0.0,0.0,0.0,0.0
2017/09,Unity,0.0,0.0,0.0,0.0,8547000.0,10000000.0,0.0,0.0,0.0,0.0,0.0,18547000.0,8400000.0,10000000.0,0.0,8400000.0,0.0,0.0,18400000.0,0.0,10000000.0
2017/10,AnvilNext,0.0,0.0,0.0,0.0,0.0,0.0,0.0,0.0,0.0,0.0,0.0,0.0,0.0,0.0,0.0,0.0,0.0,0.0,0.0,0.0,0.0
2017/10,Firebird Engine,0.0,0.0,0.0,0.0,9000000.0,0.0,9000000.0,0.0,0.0,0.0,0.0,0.0,0.0,0.0,0.0,0.0,0.0,0.0,0.0,0.0,0.0
2017/10,Phoenix Engine (Wolfire),0.0,0.0,0.0,0.0,1800000.0,0.0,0.0,0.0,0.0,0.0,1800000.0,1800000.0,0.0,0.0,0.0,0.0,0.0,0.0,0.0,0.0,1800000.0
2017/10,Snowdrop,0.0,0.0,0.0,0.0,0.0,0.0,0.0,0.0,0.0,0.0,0.0,0.0,0.0,0.0,0.0,0.0,0.0,0.0,0.0,0.0,0.0
2017/10,Source,0.0,0.0,0.0,0.0,0.0,0.0,0.0,0.0,0.0,0.0,0.0,0.0,0.0,0.0,0.0,0.0,0.0,0.0,3600000.0,0.0,0.0
2017/10,Unity,0.0,0.0,0.0,0.0,1700000.0,4000000.0,0.0,0.0,0.0,0.0,0.0,5700000.0,0.0,4000000.0,0.0,0.0,0.0,0.0,0.0,1700000.0,0.0
2017/10,Unreal Engine,0.0,0.0,0.0,0.0,3400000.0,0.0,0.0,0.0,0.0,0.0,0.0,3400000.0,3400000.0,0.0,0.0,0.0,0.0,0.0,0.0,0.0,0.0
2017/10,id Tech,0.0,0.0,0.0,0.0,0.0,0.0,0.0,0.0,0.0,0.0,0.0,0.0,0.0,0.0,0.0,0.0,0.0,0.0,0.0,0.0,0.0
2017/11,Frostbite,0.0,0.0,0.0,0.0,0.0,0.0,0.0,0.0,0.0,0.0,0.0,0.0,0.0,0.0,0.0,0.0,0.0,0.0,0.0,0.0,0.0
2017/11,Frostbite 3,0.0,0.0,0.0,0.0,0.0,0.0,0.0,0.0,0.0,0.0,0.0,0.0,0.0,0.0,0.0,0.0,0.0,0.0,0.0,0.0,0.0
2017/11,In House Engine,0.0,0.0,0.0,0.0,0.0,0.0,0.0,0.0,0.0,0.0,0.0,0.0,0.0,0.0,0.0,0.0,0.0,0.0,0.0,0.0,0.0
2017/11,Unity,0.0,0.0,0.0,8300000.0,0.0,0.0,0.0,0.0,8300000.0,0.0,0.0,0.0,0.0,8300000.0,0.0,0.0,0.0,0.0,0.0,0.0,8300000.0
2017/12,Unity,0.0,0.0,0.0,0.0,4800000.0,4800000.0,0.0,0.0,0.0,0.0,0.0,9800000.0,4800000.0,0.0,0.0,0.0,0.0,0.0,0.0,0.0,5000000.0
2017/12,Unreal Engine,0.0,0.0,0.0,0.0,0.0,0.0,0.0,0.0,0.0,0.0,0.0,0.0,0.0,0.0,0.0,0.0,0.0,0.0,70000000.0,0.0,0.0
2018/01,MT Framework,0.0,0.0,0.0,0.0,0.0,0.0,0.0,0.0,0.0,0.0,0.0,0.0,0.0,0.0,0.0,0.0,0.0,0.0,0.0,0.0,0.0
2018/01,Unity,0.0,0.0,0.0,0.0,11200000.0,0.0,0.0,0.0,0.0,0.0,0.0,11200000.0,0.0,0.0,0.0,0.0,0.0,0.0,0.0,0.0,0.0
2018/02,CryEngine,0.0,0.0,0.0,0.0,8500000.0,0.0,8500000.0,0.0,0.0,0.0,0.0,0.0,0.0,0.0,0.0,0.0,0.0,0.0,0.0,0.0,0.0
2018/02,Unity,0.0,0.0,218000.0,0.0,36100000.0,0.0,36100000.0,0.0,0.0,0.0,0.0,36201000.0,0.0,319000.0,0.0,0.0,0.0,319000.0,36100000.0,0.0,0.0
2018/03,Unity,0.0,0.0,0.0,0.0,1600000.0,1600000.0,0.0,1600000.0,0.0,0.0,0.0,1600000.0,0.0,0.0,0.0,0.0,0.0,0.0,0.0,0.0,0.0
2018/03,Unreal Engine,0.0,0.0,0.0,0.0,0.0,0.0,0.0,0.0,0.0,0.0,0.0,0.0,0.0,0.0,0.0,0.0,0.0,0.0,0.0,0.0,0.0
2018/05,Unreal Engine,0.0,0.0,0.0,0.0,0.0,0.0,0.0,0.0,0.0,0.0,0.0,0.0,0.0,0.0,0.0,0.0,0.0,0.0,0.0,0.0,0.0
2018/06,RPG Maker,0.0,0.0,0.0,0.0,0.0,0.0,0.0,0.0,0.0,0.0,0.0,0.0,0.0,0.0,0.0,0.0,0.0,0.0,0.0,0.0,0.0
2018/06,Unity,0.0,0.0,0.0,0.0,0.0,0.0,0.0,0.0,0.0,0.0,0.0,10200000.0,0.0,0.0,0.0,0.0,0.0,0.0,10200000.0,0.0,0.0
2018/06,Unreal Engine,0.0,0.0,0.0,0.0,9500000.0,0.0,0.0,0.0,0.0,0.0,0.0,0.0,0.0,0.0,0.0,0.0,0.0,0.0,9500000.0,0.0,0.0
2018/07,Unity,0.0,0.0,0.0,0.0,0.0,1400000.0,0.0,1400000.0,0.0,0.0,0.0,1400000.0,0.0,0.0,0.0,1400000.0,0.0,0.0,0.0,1400000.0,0.0
2018/08,Heaps.io,0.0,0.0,0.0,0.0,7200000.0,0.0,0.0,0.0,0.0,0.0,0.0,7200000.0,7200000.0,0.0,0.0,0.0,0.0,0.0,0.0,0.0,0.0
2018/08,Unity,0.0,0.0,0.0,0.0,0.0,0.0,0.0,0.0,897000.0,0.0,0.0,897000.0,0.0,897000.0,0.0,0.0,0.0,0.0,897000.0,0.0,0.0
2018/08,Unreal Engine,0.0,0.0,0.0,0.0,0.0,0.0,0.0,0.0,0.0,0.0,0.0,0.0,0.0,0.0,0.0,0.0,0.0,0.0,9800000.0,0.0,0.0
2018/09,Impact Engine,0.0,0.0,0.0,0.0,1200000.0,0.0,1200000.0,0.0,0.0,0.0,0.0,1200000.0,0.0,0.0,0.0,0.0,0.0,0.0,1200000.0,1200000.0,0.0
2018/09,Unity,0.0,0.0,0.0,0.0,1300000.0,0.0,0.0,1300000.0,0.0,0.0,0.0,1300000.0,0.0,0.0,0.0,1300000.0,0.0,0.0,0.0,0.0,0.0
2018/12,Enfusion,0.0,0.0,0.0,0.0,14900000.0,14900000.0,14900000.0,0.0,0.0,0.0,14900000.0,14900000.0,0.0,0.0,0.0,0.0,0.0,0.0,14900000.0,0.0,0.0
2019/01,libGDX,0.0,0.0,8100000.0,0.0,8100000.0,0.0,8100000.0,0.0,0.0,0.0,0.0,8100000.0,0.0,8100000.0,0.0,0.0,0.0,8100000.0,0.0,0.0,0.0
2019/02,Unreal Engine,1900000.0,0.0,0.0,0.0,0.0,0.0,0.0,0.0,0.0,0.0,0.0,1900000.0,0.0,0.0,0.0,0.0,0.0,0.0,0.0,0.0,0.0
2019/02,VRAGE,0.0,0.0,0.0,0.0,7300000.0,7300000.0,0.0,0.0,0.0,0.0,0.0,7300000.0,0.0,7300000.0,0.0,0.0,0.0,0.0,7300000.0,0.0,0.0
2019/07,Unity,0.0,0.0,0.0,0.0,2000000.0,0.0,2000000.0,0.0,0.0,0.0,0.0,2000000.0,0.0,0.0,0.0,0.0,0.0,0.0,2000000.0,0.0,0.0
2020/02,Unity,0.0,0.0,0.0,0.0,0.0,5000000.0,0.0,0.0,0.0,0.0,0.0,5000000.0,0.0,5000000.0,0.0,0.0,0.0,0.0,0.0,5000000.0,0.0
2020/07,WOLF RPG Editor,0.0,0.0,0.0,0.0,364000.0,0.0,0.0,0.0,0.0,0.0,0.0,0.0,0.0,0.0,0.0,0.0,0.0,0.0,0.0,0.0,0.0
2020/08,Proprietary Engine,0.0,0.0,0.0,0.0,0.0,6500000.0,0.0,0.0,0.0,0.0,0.0,6500000.0,0.0,6500000.0,0.0,0.0,0.0,0.0,0.0,0.0,0.0
2020/11,Unity,0.0,0.0,0.0,0.0,970000.0,970000.0,970000.0,0.0,0.0,0.0,0.0,970000.0,0.0,970000.0,0.0,0.0,0.0,0.0,0.0,0.0,0.0
2021/04,Unreal Engine,0.0,0.0,0.0,0.0,0.0,0.0,0.0,0.0,0.0,0.0,0.0,4700000.0,0.0,0.0,0.0,0.0,0.0,0.0,4700000.0,0.0,0.0
2023/08,Proprietary Engine,0.0,0.0,0.0,0.0,0.0,0.0,0.0,0.0,0.0,0.0,0.0,0.0,0.0,0.0,0.0,0.0,0.0,0.0,0.0,0.0,0.0
2023/09,Source,0.0,0.0,0.0,0.0,0.0,0.0,0.0,0.0,0.0,0.0,224400000.0,0.0,0.0,0.0,0.0,0.0,0.0,0.0,224400000.0,0.0,0.0
2024/12,Godot,0.0,0.0,0.0,0.0,746000.0,0.0,0.0,0.0,0.0,0.0,746000.0,746000.0,0.0,746000.0,0.0,0.0,0.0,746000.0,0.0,0.0,0.0